lambda_nm,f_lambda,sigma
309.59415849331714,10.985179901123047,0.66802844835559
309.66538303109485,10.21591567993164,0.6561087849559959
309.73679399861174,9.70645980834961,0.6438557081081364
309.80805134741865,9.507813262939454,0.6700618431653531
309.87949521184885,9.996504974365235,0.6448494395336183
309.95078538680303,9.830014801025392,0.6349199450871537
310.0222621633043,9.500601196289063,0.6352577745135056
310.0935851795307,9.60059051513672,0.6326297607572536
310.16492460248674,9.354007720947266,0.6419484124047766
310.23645075589826,9.105763244628907,0.637789798047384
310.3078230428182,8.748490142822266,0.6419958945590156
310.37938214621636,10.596057891845703,0.6745282090111047
310.45078731224254,11.224478912353517,0.6862341712066835
310.5223793808093,9.68495330810547,0.6746583542876117
310.59381744109135,8.542481994628906,0.7247727232410136
310.66527193457216,10.330504608154298,0.7417999122138031
310.73691345971,11.563960266113282,0.6991371905276619
310.80840087017475,10.219087219238283,0.660631627417334
310.88007539845813,10.007504272460938,0.6431357874573531
310.9515957410737,11.169438934326173,0.6526423902289613
311.023303287709,10.260007476806642,0.6296161544314534
311.0948565776492,10.768503570556641,0.625017084357915
311.1665971578501,10.720818328857423,0.6129248274863159
311.23818341029585,9.547967529296875,0.5867099087518223
311.3097861300363,9.022195434570312,0.5780154642474362
311.3815762694219,9.492338562011719,0.5876419391040262
311.4532119744432,9.99499969482422,0.6004573472841174
311.5250351854499,10.325131988525392,0.6121332281620193
311.5967038909504,10.38819808959961,0.6200570057511318
311.66856018881623,9.128994750976563,0.6042542729797095
311.7402619100011,10.119908905029298,0.6149793143194757
311.8119801250478,10.249774932861328,0.615402099145967
311.88388606205297,10.139642333984376,0.6044694175801316
311.95563731559616,9.534400939941406,0.5883241501898863
312.0275763775775,9.708907318115235,0.5837708024797743
312.09936068483995,10.391206359863283,0.5843630589627057
312.1713328870598,9.915242004394532,0.5768649335678291
312.24315026327156,9.102500152587892,0.558558127553764
312.31498415995486,10.450532531738283,0.5810022960864959
312.38700608139766,11.343373107910157,0.5914540329430688
312.458873069879,10.210594177246094,0.5783380312461921
312.5309281697389,10.598113250732423,0.5865263606692507
312.60282826526554,10.124180603027344,0.5759632223947458
312.67491655882986,10.280881500244142,0.5766912185818344
312.74684977665635,10.257066345214845,0.5737752217427079
312.818799541607,9.704373931884767,0.5551060510566763
312.890937634607,10.157006835937501,0.5645896297035407
312.9629205447431,11.147303771972657,0.5742738948107221
313.0350918696873,10.317841339111329,0.5653224687351951
313.10710794028086,9.969960021972657,0.5514865524307212
313.17931251248126,9.708517456054688,0.5437773558251756
313.25136175881124,9.768259429931641,0.5489309836574122
313.3234275789612,10.016818237304689,0.536955750988888
313.39568203093927,9.794914245605469,0.5369409295366979
313.4677810497483,9.510834503173829,0.5255233437709856
313.54006878728404,9.875794219970704,0.5351298238491434
313.61220102004864,10.367609405517578,0.5378928826997987
313.6845220584788,9.752349090576173,0.529959712411365
313.7566875205027,8.962474822998047,0.5160258140194677
313.8288695830852,10.670960998535158,0.5399494272147413
313.9012405817648,10.055589294433595,0.5302840778911387
313.973455896566,9.670008850097657,0.5229080451267782
314.04586023450327,9.46969223022461,0.51701173767669
314.1181088168445,9.820160675048829,0.5272069512730313
314.1905465094009,10.06930923461914,0.5323340139394138
314.2628283746106,10.004769134521485,0.5380716535133284
314.33512686716074,9.850979614257813,0.5231394455256567
314.4076146005678,9.223466491699218,0.5149239326519895
314.4799463989829,9.944518280029298,0.5161923347633353
314.5524675254343,10.394239807128907,0.5277642572982356
314.6248326450602,9.573369598388672,0.5074916289899575
314.697387179942,8.988233947753907,0.5071222262067456
314.76978563613187,9.661518096923828,0.5119358370631947
314.8422007464874,10.04553680419922,0.5273777880240282
314.9148054029512,10.058794403076172,0.5235369507443716
314.98725387290426,9.991575622558594,0.5219285839382213
315.0598919762857,9.511177062988281,0.5193118502347714
315.1323738212069,10.233505249023438,0.525428913335151
315.2050453869168,9.8169677734375,0.5202582908719714
315.2775606221843,9.51392822265625,0.5120226515031064
315.3500925384855,10.678170776367189,0.5223720462955884
315.42281430663905,9.823450469970703,0.5156150036202493
315.49537963635714,9.37593994140625,0.5046497641786238
315.56813490538843,9.59051284790039,0.5090135345229609
315.6407336639189,9.437117004394532,0.5066490200997094
315.7135224492636,9.445726776123047,0.5086787483338521
315.78615465200915,9.755753326416016,0.5124151042738608
315.8588035627,9.03598861694336,0.4977464910757874
315.9316426314803,8.599901580810547,0.49165869927487593
316.00432500949427,10.095166778564455,0.5086471248205282
316.0771976331995,10.007800292968751,0.5085167462661646
316.14991349395666,9.373534393310548,0.505000975893659
316.22281968804754,10.164955139160156,0.5132935607826837
316.2955690469754,9.454075622558594,0.5009505161611417
316.3683351408038,8.604483032226563,0.4906682082429421
316.4412916994528,9.66436996459961,0.5041435533232334
316.51409131459707,9.591738891601564,0.5002508364063574
316.5870814823053,9.7080810546875,0.505834362853728
316.6599146342108,9.25619888305664,0.5017537899728894
316.7329384264639,9.917288970947267,0.5194460387049858
316.8058051305828,10.29783172607422,0.6057075855014217
316.87886256287345,9.888925933837891,0.6001040878485179
316.9517628346652,9.514510345458985,0.5286265415483267
317.02467987607923,10.590919494628906,0.5398750240815827
317.0977877774247,10.75738525390625,0.5427022114352136
317.1707384097048,8.903954315185548,0.5105977567123207
317.2438799898417,10.272727966308594,0.5225573865356279
317.3168642284652,11.372684478759766,0.5332272881289283
317.39003950291124,11.25958251953125,0.5322575463654378
317.4630573633625,10.702828216552735,0.5157334167275892
317.53609202049023,10.947434997558595,0.5234259564876451
317.60931784541293,10.621912384033203,0.5106735971911147
317.68238614759923,10.254605865478517,0.5085118721852276
317.75564570564734,10.340055847167969,0.5102229199952414
317.8287476683942,10.710446166992188,0.5158323015329976
317.9020409751107,10.6566162109375,0.5157936507135745
317.9751766139274,9.71008758544922,0.5013477505906939
318.04832907651877,10.55665283203125,0.5039907803049849
318.1216730152651,10.048910522460938,0.49025497502652543
318.1948591771944,9.262818145751954,0.46979345211877005
318.26823690348806,10.913482666015625,0.48990525606848334
318.3414567802826,10.526071166992189,0.4870958007713213
318.41486830969114,10.495755767822267,0.488445873221718
318.48812191688523,10.277159881591798,0.4833483565057348
318.5613923749959,9.641047668457032,0.4766920076017753
318.634854618119,11.044082641601562,0.49657749231289083
318.70815882993486,10.757777404785157,0.4824521164272986
318.7816549151146,9.53399658203125,0.4649398107816903
318.8549928961878,10.698303985595704,0.471994345604843
318.92852283901726,9.796800994873047,0.4577007022679507
319.00189460490714,10.011419677734375,0.45322474681403374
319.07528324889915,10.076808166503907,0.45667939321131423
319.14886398725946,10.017340087890625,0.4548299649853224
319.2222864394115,10.005404663085939,0.45859577165832344
319.29590107442584,9.989031219482422,0.4569465678807294
319.3693573503152,10.14590835571289,0.4560910704589664
319.4430058976016,9.866546630859375,0.44588952755673167
319.5164960128127,10.224217987060548,0.4459800269039397
319.5900030333554,9.719077301025392,0.435152541745313
319.663702458121,9.642655181884766,0.430940718332802
319.73724334136625,9.599745178222657,0.43497928844867845
319.8109767174715,9.787515258789064,0.4365125941312329
319.8845514790217,9.744192504882813,0.44223985329982834
319.95831882210956,9.646874237060548,0.44083302836230304
320.0319274775745,9.82867889404297,0.4444248058113184
320.10555306564436,9.775404357910157,0.4446427844081262
320.1793713682919,9.717063903808594,0.4424077215466056
320.2530308736949,10.716032409667969,0.4586832668754133
320.3268831824556,10.320597076416016,0.4532306775091883
320.4005766208194,9.755284118652344,0.445386024913506
320.47446295136166,9.416567993164064,0.44170843158579143
320.548190338321,10.369712066650392,0.4566045646929795
320.6219346852026,10.336399841308594,0.4554850892652875
320.6958720575173,9.516128540039062,0.4489745891791823
320.7696503764508,9.7363037109375,0.44537356779654336
320.8436218097405,10.003202819824219,0.45117061978146866
320.9174341163786,9.725083923339845,0.4466721273867867
320.9914396263371,10.527616882324219,0.45645296309295
321.06528593634005,10.361392974853516,0.4513647288450562
321.13914923362637,9.94552230834961,0.4422759448003166
321.21320586770287,9.075244140625001,0.4330691913371434
321.2871031918481,9.344095611572266,0.43720014395182283
321.3611939418499,10.017449188232423,0.44132422409915917
321.43512530853206,9.229203033447266,0.49243357801027365
321.50925019017825,8.853763580322266,0.48119072207486335
321.5832156150824,10.014916992187501,0.4637743929499107
321.6571980546756,9.066663360595703,0.44727786365714856
321.73137414291807,9.334085845947266,0.44169305428803773
321.8053906642654,10.027719116210939,0.4538254998632743
321.87960092347237,9.214552307128907,0.4417842821713544
321.95365154227716,8.513870239257812,0.43317818946672937
322.02789598819277,8.48517532348633,0.4360597733596496
322.1019807201656,9.492131805419922,0.45505151239496977
322.17625936854165,9.57807846069336,0.4657519753063228
322.25037822940027,8.84659194946289,0.46302268585294204
322.32451414024973,9.22436981201172,0.47555236777844156
322.39884410146493,9.318916320800781,0.48831519055025246
322.4730141647811,9.434234619140625,0.5015890275056979
322.5473783678582,9.56922073364258,0.5159335199012884
322.62158259937684,10.090738677978516,0.5282402079536802
322.69598106009283,9.960904693603517,0.524411926888329
322.77021947555716,10.007189941406251,0.526305822381176
322.8444749685189,11.028846740722656,0.5237684648153995
322.91892482485684,10.275903320312501,0.4989881301969026
322.993214525383,8.921372222900391,0.4656114429322675
323.06769867882485,10.285791015625001,0.47688280927843074
323.14202260267695,10.297042083740235,0.4698566378706878
323.21654106902514,9.343930053710938,0.4480620791119561
323.2908992319714,9.660611724853517,0.4458362348715256
323.3652744999662,9.966009521484375,0.44789870662982434
323.4398444448523,10.010015869140625,0.4421591144576555
323.5142539755983,9.722808074951173,0.4347727748752629
323.5888582729196,9.402512359619141,0.43096525692501403
323.6633020822035,9.828539276123047,0.4337859954458111
323.7379407477879,9.861244201660156,0.43380424134843915
323.81241885140366,9.134039306640625,0.4237564515372637
323.8869140876631,9.679761505126955,0.4293919348006787
323.9616043148351,9.873627471923829,0.42558274691062875
324.03613386912167,9.72311782836914,0.42084519070113435
324.1108585041492,9.535520935058594,0.4184713663735738
324.18542239227475,9.919775390625,0.41522609843352376
324.26018145101136,9.570468139648439,0.41149826054815586
324.33477968879544,9.57833251953125,0.4100595626742234
324.40939508686324,9.724594116210938,0.4162442838154603
324.4842057903712,9.566581726074219,0.41403338553066027
324.5588555618308,9.576342773437501,0.4181789388437216
324.63370072870396,9.530661773681642,0.41581543878899246
324.7083848893931,9.292943572998047,0.40739565130322747
324.7832645355107,9.594353485107423,0.40711381570314037
324.8579831012741,8.606385803222656,0.3926995645456702
324.93271885500565,10.196045684814454,0.4093994945219083
325.0076502292124,9.981175994873048,0.41038184248195186
325.08242041179,9.888999176025392,0.4050884983986491
325.15738630496134,9.67114486694336,0.4006365441244179
325.23219093224805,9.355587005615234,0.3966683961253856
325.3071913602887,9.63276596069336,0.4010107672696953
325.3820304481549,9.703044891357422,0.4018531278920957
325.4568867517185,9.819319915771485,0.39992194077095333
325.5319389913005,9.578269958496094,0.3950724538361594
325.6068297792536,9.829106903076173,0.3961841970882208
325.68191659348906,8.979351806640626,0.3853695949592202
325.75684188172045,9.255917358398438,0.3913044046249119
325.8319632865399,10.07377395629883,0.39885690939749097
325.90692309094555,9.966999053955078,0.40111428664690535
325.9819001388224,9.248939514160156,0.3890571522853098
326.05707343876986,9.41974105834961,0.39058812410664895
326.1320850266694,10.001145935058595,0.3970432923945437
326.20729295704933,9.160504150390626,0.3847978240801558
326.2823391008858,9.390435791015625,0.38831998040056925
326.357581677654,10.393431091308594,0.4022900245590683
326.43266239334923,9.564827728271485,0.3935879873372542
326.50776038033416,9.305282592773438,0.3965091757182651
326.58305493595213,10.200952148437501,0.4140594052281629
326.6581875186826,10.406898498535156,0.4317916492629927
326.7335167606017,10.187385559082031,0.4248599780687092
326.8086839550176,9.822687530517578,0.40034378930497216
326.88404789921935,9.342263793945312,0.3896923886318078
326.9592497212683,9.46179885864258,0.38612477654817523
327.03446884247035,8.616558837890626,0.3736053517369996
327.1098848493785,8.701337432861328,0.3765539407615744
327.1851386221388,8.695931243896485,0.37676003429078053
327.2605893713067,8.950959014892579,0.37695058280371707
327.33587781159105,9.223306274414062,0.387958487458089
327.41136331902624,9.00184555053711,0.38770184135345903
327.48668644280764,8.793075561523438,0.39222562365412217
327.5620268936507,8.953693389892578,0.3904970546666732
327.6375645477841,9.23517303466797,0.3903683702093721
327.7129397060881,9.014698028564453,0.3783618802191873
327.7885121585301,8.012751770019532,0.36385412149837637
327.86392204028664,8.839218902587891,0.371556091549484
327.9395293070711,8.516810607910157,0.36754621710189017
328.01497392827883,8.97766799926758,0.37213166458112523
328.0906160254461,8.56961441040039,0.3708570440798617
328.1660954021114,9.356358337402344,0.3810236679544338
328.2415921417879,9.455735778808593,0.38662933365043856
328.3172864938461,8.759507751464843,0.3790998719087456
328.39281801299376,8.940103912353516,0.38132575536665
328.46854723555936,9.151783752441407,0.3835375173211723
328.5441135502027,8.55740966796875,0.3739958573270441
328.6198776593425,8.628899383544923,0.37394539440959884
328.6954787855137,8.869064331054688,0.37656949595355277
328.77109730270774,8.62612533569336,0.37751103971951094
328.8469137510398,9.270744323730469,0.38607706838992895
328.92256710381395,9.019550323486328,0.3895734619048894
328.99841847890946,8.394490814208984,0.3853566968505447
329.0741066833141,8.996913146972657,0.3977363134381101
329.1499930012655,9.424118804931641,0.4126058091557965
329.2257160733586,8.841257476806641,0.4216763074192158
329.3014565645311,9.183616638183594,0.42894051703491237
329.37739530611276,8.776244354248048,0.41842164889026096
329.4531706890648,8.689037322998047,0.39878119467906137
329.52914441375634,9.365845489501954,0.39876423331142763
329.60495470456425,9.096907806396485,0.3995421415098761
329.68096342848423,8.579013061523439,0.3917739570699365
329.75680864323203,8.463301849365235,0.3900946852403504
329.83267130516094,8.906522369384765,0.39317527292556526
329.90873253728495,8.950708770751953,0.3968509965223528
329.9846301472835,8.943474578857423,0.39469857189417246
330.0607264189549,9.321134948730469,0.40185492892386265
330.1366589931254,8.621827697753906,0.3895689907802491
330.2127903204887,9.060950469970704,0.39620954315435036
330.2887578749409,8.898027801513672,0.39576121513194845
330.3647429047216,8.548479461669922,0.38586136968497387
330.440926824999,8.583052062988282,0.38370383283312587
330.5169468592303,8.822144317626954,0.38383718017691504
330.5931658755836,9.143505096435547,0.39001876742214014
330.6692209303937,8.880908203125001,0.38811058567682544
330.74547505899335,8.727098846435547,0.3896953428027923
330.821565150518,9.1408935546875,0.39110376363980914
330.89767274556334,8.90857391357422,0.3843668437622443
330.9739795519242,8.73898696899414,0.378503550119618
331.050122207892,8.845433044433594,0.3824857031704675
331.12646416694827,9.521837615966797,0.393111799557428
331.20264189999284,8.792794799804687,0.38690279645832365
331.27901902794116,8.949520111083984,0.38506116301614224
331.355231854224,9.08197479248047,0.38339839331300957
331.4314622122657,9.236705780029297,0.3839375824093756
331.5078921029589,8.868785858154297,0.3782172048932589
331.5841575784859,8.140789794921876,0.37471715153172475
331.6606226785856,8.205303192138672,0.37757527186484
331.73692328777804,8.553889465332032,0.3833487293541169
331.81342361350687,9.143373107910156,0.3818528333534
331.8897593725528,8.908660888671875,0.373469535954815
331.96611269164106,8.291519927978516,0.3613155120252216
332.0426658652354,8.760520172119142,0.366803608690094
332.119054358463,8.514608001708984,0.3665206987928178
332.1956427982662,8.750318145751953,0.371658136315145
332.27206648183966,8.777206420898438,0.37050770825818785
332.3486902041005,8.855146789550782,0.36700774088361726
332.4251490942337,9.000891876220704,0.3716610624047104
332.5016255727382,8.229658508300782,0.36111902473420043
332.5783022281226,8.445639801025392,0.36208800274626163
332.65481393751213,8.397232818603516,0.3571533260761757
332.7315259159994,8.514427947998048,0.35891324382872497
332.80807287250616,8.764904022216797,0.3554308549476161
332.8848201903713,8.345023345947267,0.3514364884795424
332.9614024102356,8.298401641845704,0.35209521184657466
333.03800224684613,8.447899627685548,0.35650310594104523
333.11480258323024,9.107392883300781,0.36043335545775435
333.1914377075627,8.990400695800782,0.35858552846094144
333.26827342403544,8.006456756591797,0.34455731591860933
333.34494385234836,8.482360076904298,0.3526991251404883
333.42181496521096,8.580106353759765,0.35475178797740664
333.49852071377074,8.51900634765625,0.3538379160570513
333.5752441074973,8.619775390625,0.3564540146917716
333.6521683244122,8.439708709716797,0.3497362817741693
333.72892706278924,8.514067840576173,0.35194887510516115
333.80588671687036,8.711533355712891,0.35126634568168913
333.88268081618276,8.869689178466798,0.3548953058977363
333.95967592375774,8.87128372192383,0.35476657438976583
334.0365054002981,8.688272094726562,0.35383210700596734
334.1135359777019,8.480155181884767,0.35593889601825224
334.19040084777004,8.244779205322265,0.35505170290679045
334.26728339961454,7.772868347167969,0.39984602286842846
334.3443671912488,7.8576301574707035,0.3933571026752798
334.4212851610754,8.520172119140625,0.401427591654929
334.49840446339954,8.683983612060548,0.40054563862130643
334.575357867527,8.663849639892579,0.3481785271811688
334.65251269690236,8.348341369628907,0.3443212236339329
334.7295015516568,8.094878387451173,0.3411959644517275
334.80650811671325,8.09458465576172,0.3430017384578501
334.88371624616786,8.431312561035156,0.3514871427791758
334.9607582863452,8.703949737548829,0.3559640973707822
335.03800198377786,8.264014434814454,0.3511738162139255
335.115079515421,8.35462646484375,0.35102337198171507
335.1923587972196,8.691799926757813,0.35243977811964405
335.26947183668096,8.167551422119141,0.3463121886764462
335.3466026150158,8.568777465820313,0.3493970024180195
335.4239352828811,7.906638336181641,0.34579537147257833
335.50110159356757,7.966419982910157,0.34741656099089707
335.5784698867915,8.656849670410157,0.3603710109212724
335.65567174620105,8.825137329101564,0.3626400055299441
335.7330756811979,8.793064880371094,0.3620861989002777
335.8103131057095,8.831475067138673,0.3599753944353311
335.8875682977119,8.185070037841797,0.35066456142147373
335.9650257049013,8.134226226806641,0.3530220298908527
336.0423164865785,7.963522338867188,0.35078990655709086
336.11980957659995,8.534503936767578,0.3642452511158211
336.19713596434974,8.607616424560547,0.3635169566764677
336.2746647536438,8.42748794555664,0.3581305961648839
336.35202676387155,8.638724517822267,0.3517919184793967
336.42940657025383,8.400290679931642,0.3409958640968481
336.5069889180053,8.07126235961914,0.33250005131688115
336.584404371478,8.481970977783204,0.3358563750906143
336.6620224596271,8.697460174560547,0.34120327437274384
336.73947357661456,7.89273681640625,0.331718170154121
336.8171274216288,7.618694305419922,0.32867358329653484
336.89461421856265,8.003282165527343,0.33534786768402286
336.97211884036085,8.663748931884767,0.34283748439905837
337.0498263302364,8.389219665527344,0.33577116470185475
337.1273666566333,8.242925262451172,0.3316731163026494
337.20510994456527,8.025255584716797,0.3266143756579467
337.2826859920115,7.928413391113281,0.3248249280006687
337.36046509449386,7.92119369506836,0.3219949169675555
337.43807687944775,7.833760833740235,0.3207538272306611
337.5157065180221,8.04724349975586,0.3211728349435225
337.59353935190927,8.478577423095704,0.32573781280436526
337.6712047526832,8.272737121582031,0.32492100825861847
337.7490734423783,8.182976531982423,0.3249460833643252
337.82677462182903,8.03353271484375,0.32641358267073745
337.90467918385286,8.20181884765625,0.3321919097805361
337.9824161584653,7.790772247314454,0.3298308875481557
338.06017101550094,8.629016876220703,0.34118797438726395
338.1381293956122,9.174885559082032,0.3446048244019136
338.2159200725411,8.150780487060548,0.32973914798483295
338.2939143663054,7.5052490234375,0.3184762243815515
338.3717408796316,8.214905548095704,0.3236041788463622
338.44977110359605,8.321720123291016,0.3248789610593979
338.52763346983085,7.798774719238281,0.31708568671979204
338.6055137473378,7.79099349975586,0.3169576045940927
338.6835978762124,8.137476348876953,0.3201869557041932
338.7615140313995,8.65485305786133,0.3259072063833449
338.8396341318652,8.042384338378907,0.31745364392999686
338.9175861812631,7.956970977783204,0.3190700606650614
338.9957422698937,8.195413208007812,0.32135808423139106
339.0737302300403,8.2284912109375,0.32285186049113446
339.1517361303546,8.021139526367188,0.31669852096778695
339.2299462108582,7.871266174316407,0.3169065859177064
339.3079880467327,8.131404876708984,0.31864003004119723
339.3862341568589,8.293399047851564,0.3204144022257654
339.464311944851,7.788321685791016,0.31164294470192166
339.5425941012003,7.346283721923829,0.304595484597864
339.62070785787444,8.059127044677735,0.31492330731826257
339.69883958365847,8.071624755859375,0.3167774535220635
339.77717581898366,7.883917999267578,0.31362947171088373
339.8553435383013,7.903096008300782,0.3128503383929268
339.9337158613744,8.164301300048828,0.3150096528652626
340.0119195908095,7.9091552734375,0.31083907399489596
340.09032801825765,7.8013916015625,0.3086866857416377
340.1685677744017,8.390357971191406,0.31640016936917437
340.2470123228598,7.786141967773438,0.3120521442823263
340.325288122312,8.231581115722657,0.3151248597314092
340.40358192815535,7.856975555419922,0.3090452271526239
340.4820806677894,8.341960906982422,0.3152789458876112
340.5604105418439,8.475900268554687,0.31428160211512385
340.6389454440988,7.825411987304688,0.30710094952585915
340.7173114029826,7.836289215087891,0.30751903389820784
340.79588248451984,7.9188278198242195,0.3105726971715565
340.87428454485894,8.116068267822266,0.31636083657042796
340.9527046406382,8.664852905273438,0.3207994950531579
341.0313300007759,8.629790496826173,0.32398600219396806
341.10978622295363,8.175782775878906,0.3129976492226008
341.18844780405163,8.531259155273437,0.3214832472856864
341.26694016927286,8.152093505859375,0.31918754071533145
341.34563798801963,8.506823730468751,0.32305483923234046
341.4241665129372,8.557460021972657,0.32314894200753297
341.5027131023905,8.42000732421875,0.31639065925558413
341.58146528730316,8.535316467285156,0.31635697958429265
341.66004806143616,8.544945526123048,0.31467527019921265
341.73883652574284,8.410061645507813,0.314103641000749
341.8174555012273,8.370134735107422,0.3144683805857971
341.89628026164365,8.424827575683594,0.31678190618594726
341.9749354551592,8.367948913574219,0.31650184900948714
342.05360874235333,8.233843231201172,0.3136588389162912
342.13248795664197,8.505284881591797,0.31478146517788774
342.2111974868909,8.15108871459961,0.31092003111420863
342.2901130391016,7.476792907714844,0.354435479432907
342.36885882910406,7.5334007263183596,0.3552859514871222
342.44781073597926,8.06428451538086,0.3143856625254777
342.52659280244166,8.316619873046875,0.31793286257020764
342.60539299177253,8.35579833984375,0.3168238367502929
342.684399440368,7.980191040039063,0.3083801450327783
342.763235931223,8.060921478271485,0.3056995000890861
342.8422787763628,8.820524597167969,0.31877728311633396
342.9211515854675,8.542890167236328,0.32033035706214713
343.0002308439211,8.405803680419922,0.3099065962167103
343.07913998800893,7.844930267333985,0.29849670739635015
343.158067284202,7.562750244140625,0.29567398270208706
343.23720117236564,8.396990203857422,0.3085535608647906
343.31616482864627,8.202799224853516,0.3099213442878251
343.39533517207116,8.19612045288086,0.31321289918428996
343.4743352051922,8.345201873779297,0.3161486408452398
343.55354202067485,8.202104949951172,0.31554660151693303
343.63257844739655,8.096595001220704,0.3118175895140425
343.71163305550755,8.078547668457032,0.3093103023268734
343.79089458883175,8.073464965820312,0.30784685374436926
343.86998561568834,8.544329071044922,0.31145848517607755
343.9492836630853,8.246609497070313,0.3046519915667315
344.0284111254673,8.066199493408204,0.30014820680716103
344.1077457037607,8.147639465332032,0.3025707668220045
344.18690961845545,7.988973999023438,0.30106787882798747
344.2660917438706,8.223157501220703,0.3053438528253896
344.34548112827935,7.850506591796876,0.3024149247173973
344.42469973119285,7.888521575927735,0.3016408336062215
344.5041256885807,8.291614532470703,0.3038063056654049
344.58338078579925,8.26205825805664,0.3042859605211713
344.66284333301707,8.305722045898438,0.3046850404941444
344.7421349413551,8.624036407470703,0.30915922852657673
344.8214447897921,8.309854888916016,0.3041405123636564
344.90096223154137,8.276121520996094,0.30182668743555335
344.98030861632407,8.016998291015625,0.2985170106211328
345.05986269005393,8.037081146240235,0.29865435686640424
345.13924562801617,7.433668518066407,0.29204569800583435
345.2188363506046,7.776339721679688,0.29785322934832764
345.29825585858794,8.193731689453125,0.3019984782589984
345.3776936360961,8.113572692871093,0.3012447209332495
345.45733934177446,8.030594635009766,0.30041840197770636
345.5368137145706,7.9698127746582035,0.3014973878362245
345.61649611132634,7.9600158691406255,0.30317217633876503
345.6960070962715,8.463706970214844,0.31109281218651463
345.77572620100955,8.334098815917969,0.3095607099154828
345.8552738149724,7.934944152832031,0.3036000921914277
345.9348397279333,7.998373413085938,0.3053626367484085
346.0146139044628,8.001409149169922,0.3044136459378763
346.0942164717492,8.059613800048828,0.30332069879037726
346.17402739854776,7.749520111083985,0.2999835348274315
346.2536666370476,7.891430664062501,0.30392286662521495
346.3335143310477,8.397189331054689,0.3088785121086078
346.4131902576571,8.430229949951173,0.3082105332379399
346.49307473579887,8.167314147949218,0.30171699203970376
346.5727873674215,8.16107406616211,0.3022188304095901
346.6525183360077,7.971619415283204,0.29844609123797355
346.73245800020027,7.579479217529297,0.2943374198532525
346.8122256991598,7.502783966064453,0.2951114247106959
346.8922021898685,8.215225219726562,0.30493762908904365
346.97200663612466,8.516455841064454,0.3085654132372146
347.052019970317,8.463903045654297,0.30761231099689734
347.13186118080057,8.072281646728516,0.3012033416783849
347.21172075782994,8.349405670166016,0.30054628428450475
347.29178936710184,8.203145599365234,0.29689968213082985
347.3716857337598,7.614474487304688,0.2888933863197074
347.45179122895826,7.713776397705079,0.28973922973991967
347.5317244021952,8.016562652587892,0.2960212617930556
347.61186680031494,7.944549560546875,0.2963283288224053
347.69183679708914,8.211927795410157,0.30369616018011936
347.77182519003884,8.053411102294922,0.30176596395590205
347.85202295241066,8.113391876220703,0.30212945838589333
347.93204819433964,8.09273910522461,0.3008306494595022
348.0122829021441,7.99981689453125,0.29913865996883227
348.0923450100302,7.815768432617188,0.2979845845564673
348.17261668028937,7.62523193359375,0.29501191893119255
348.25271567111844,7.827476501464844,0.2974900641943296
348.3328330878005,8.274823760986328,0.30009537676068443
348.4131602116278,8.2143310546875,0.2978901015882571
348.4933145367356,7.654638671875,0.28976670697299806
348.5736786655977,7.650971221923829,0.2877275229289843
348.65386991613656,8.202440643310547,0.29566897553865695
348.73427106708294,8.174842071533204,0.2941207972355341
348.81449926006593,7.991819763183594,0.2905720627515425
348.8947459086273,7.984416961669922,0.28884380049994557
348.97520260260205,7.694282531738281,0.2871553459471135
349.0554862191317,8.066757202148438,0.2920879370038702
349.13597997783944,7.924532318115235,0.29292239845879287
349.2163005793698,7.8947189331054695,0.29335503901736226
349.29683141988767,8.127088165283203,0.2963037104560529
349.37718902345944,8.131732940673828,0.2999079375724017
349.4575651123829,8.169532012939454,0.29854606065096223
349.5381515855337,8.096012115478516,0.2954377870976705
349.6185647020638,7.661877441406251,0.28661478153084213
349.6991882997418,8.031168365478516,0.28835161111113156
349.7796384609386,7.27282943725586,0.27637579446794164
349.8602992002489,7.921146392822266,0.2870498096630469
349.9407864231802,7.980511474609376,0.28918472638561465
350.02129216128486,7.869103240966798,0.2853238921232622
350.10200862297705,7.562747955322266,0.27942656067101485
350.18255144842277,7.504906463623048,0.27738029374637585
350.2633050945333,8.029953765869141,0.2834942204056798
350.3438850244078,8.007376098632813,0.28401970325257947
350.42467587206886,7.502468872070313,0.2774957096015356
350.50529292346766,7.9993743896484375,0.2829415058481242
350.58592851990915,8.29673309326172,0.28859483009952636
350.66677517984607,7.744407653808594,0.28118397000806045
350.7474479234595,7.730294799804688,0.28196678891842936
350.8283318278021,7.374128723144532,0.275526604996019
350.9090417357028,7.897694396972657,0.2822845409458182
350.98996290161125,8.195652770996094,0.2872931651610539
351.07070999092235,7.899314117431641,0.28466150506581106
351.15147565519356,7.542003631591797,0.28325107086697415
351.2324527234165,7.670236206054688,0.28752178541902385
351.3132555947873,7.79825668334961,0.29233179793305925
351.3942699675003,7.710552215576172,0.28955796006698803
351.4751100631132,7.985212707519532,0.2875500182655812
351.556161757504,8.219941711425781,0.2882829698036295
351.6370390945098,7.692874145507813,0.2824123154397015
351.7179350364419,7.800112915039063,0.2832120848321659
351.799042723331,7.572956085205078,0.2793321981044323
351.87997593238674,7.9113616943359375,0.283012134751582
351.96112098394707,7.811666870117188,0.2812172527296761
352.0420914772966,7.843468475341798,0.2821945204747795
352.1232739107434,7.690160369873047,0.2830801545916547
352.2042817055652,7.798582458496094,0.2871465078552729
352.28530813532745,8.094829559326172,0.2925636574524863
352.3665466516023,7.93065414428711,0.2889341103228695
352.4476104086088,7.510151672363282,0.2805647932876011
352.528886349833,7.575346374511719,0.2776922667798642
352.609987451282,7.8863777160644535,0.28319610910238885
352.69130083469884,7.882154083251954,0.2832386267662727
352.7724392977963,7.688894653320313,0.2825771739860237
352.85379014065677,7.623796844482422,0.2815959724364076
352.9349659826165,7.72849349975586,0.28217806344812585
353.01616049817943,7.803791046142578,0.28150662552547295
353.09756754022396,8.296211242675781,0.2857619177372517
353.1787994604747,7.835620880126953,0.2792547551534788
353.2602440051151,7.556881713867188,0.2751627068288079
353.34151334728756,7.763578033447266,0.2750414484387801
353.4229954118026,7.857598114013673,0.27599694931019564
353.5043021931387,8.023820495605468,0.278770186164792
353.58562767820257,8.1228271484375,0.2818792913536705
353.66716603256447,7.7855224609375,0.2801040640375172
353.748528982659,8.067730712890626,0.2871550107550899
353.83010490011736,7.964846801757813,0.2829958297804366
353.9115053325043,7.497638702392578,0.27630072099236597
353.99311883036574,7.3969161987304695,0.273773825173811
354.07455676231444,7.877686309814454,0.2762468159015902
354.15601342816456,7.470444488525391,0.26993774651786645
354.2376833066819,7.4894348144531255,0.26900990393634344
354.31917749800266,7.699533843994141,0.27249131825644013
354.40088500021477,7.646908569335938,0.27625291026091714
354.48241673429567,7.799869537353516,0.2890233626467504
354.56416187753695,7.910569000244141,0.3118779754501748
354.6457311716755,7.492026519775391,0.32611054111844284
354.7273192299376,7.657366180419922,0.32543746952574415
354.80912084479024,8.14123764038086,0.3142003717228234
354.8907464890607,7.328179168701173,0.2892954589540254
354.9725857883038,7.768338012695313,0.2851915131408503
355.0542490358997,7.326364135742188,0.2748801692609473
355.13612603689614,7.793027496337891,0.27764993338736815
355.21782690514294,7.305223083496094,0.27342312377999367
355.2995465677842,7.260714721679688,0.2740399273888131
355.3814801314941,7.622462463378906,0.2809954806719677
355.4632374407788,7.746175384521485,0.2835378999894184
355.545208749673,7.536968994140626,0.27836879002067194
355.62700372294626,7.462741851806641,0.27435086025558436
355.7090127944157,7.911988830566407,0.27802753323344537
355.79084544903077,7.836640167236329,0.2780096812459622
355.87269692836014,7.487453460693359,0.27091194349019027
355.954762653792,7.1155136108398445,0.2649152963326651
356.0366518404977,7.8254547119140625,0.28646787276687224
356.11875537200586,8.089053344726564,0.29275178412592046
356.2006822834611,7.377185821533203,0.27571230527073165
356.28282363846427,7.256803131103516,0.2687599820196244
356.36478829205026,7.627819061279297,0.27370477770004037
356.4467718007193,7.838166046142579,0.2776562646189494
356.528969901081,7.733876037597657,0.27652412441350777
356.6109911779572,7.635616302490234,0.2759946623931053
356.6932271453853,7.571115875244141,0.27633992451066763
356.7752862078699,7.364514160156251,0.2728706189156986
356.85756005981136,7.4126426696777346,0.27218922728982103
356.93965692531344,7.637383270263673,0.2731928350036297
357.0217726763166,7.539933776855469,0.270493395628674
357.10410336516014,7.7188056945800785,0.2725947592892595
357.18625694529925,7.559793853759766,0.2724257670559935
357.2686255622977,7.450970458984376,0.27125601778743713
357.3508169890023,7.536702728271485,0.27015964491993893
357.4332235516305,7.379549407958985,0.2705401805556709
357.51545284233777,7.472593688964844,0.2706137994226816
357.5977010490127,7.5398506164550785,0.27143274889612107
357.6801645402343,7.302684020996094,0.2692317884129048
357.7624506370725,7.373544311523438,0.2687035618458064
357.8449521176359,7.806114959716798,0.2739453094888634
357.92727612209495,7.528555297851563,0.2677519966843604
358.00981560950345,7.002890014648438,0.2600235056324219
358.0921775390487,7.52396240234375,0.26618503397373205
358.17455841507734,7.532955169677734,0.26673320858241273
358.2571549229182,7.8893173217773445,0.27111331331217825
358.3395737502359,7.139390563964844,0.25945094606884417
358.4222083087044,7.177203369140625,0.2623676510332042
358.5046651047966,7.4767807006835945,0.26750423476679575
358.58733773142393,7.333966827392579,0.2682949927138278
358.6698325137844,7.329853820800782,0.26595277616893853
358.7523462731934,7.222057342529297,0.26265163261689606
358.8350760122404,7.196372222900391,0.26151505816676096
358.9176277841626,7.320087432861328,0.2635663494537654
359.00039563522165,7.136626434326172,0.26076682246942906
359.08298543717103,7.264167022705078,0.26023348286821746
359.1657914178016,6.985269927978516,0.25564235088813175
359.24841926729977,7.110494232177735,0.2594585716448719
359.33126339506975,7.260881042480469,0.26223761329918527
359.41392930964673,7.394284820556641,0.26449565309259143
359.49661424064413,7.35753173828125,0.26370082041116316
359.5795155993256,7.315064239501954,0.26465936487678365
359.66223862170125,7.45660400390625,0.2685789330802889
359.74517817146614,7.391641235351563,0.27379428352741614
359.82793930277006,7.4294883728027346,0.272520673403
359.9109170612145,7.33792953491211,0.26781985553079773
359.99371631900493,7.112052154541016,0.2604714305962409
360.0765346238938,7.1639862060546875,0.26086612280499194
360.1595697055763,7.2389877319335945,0.26236804126256735
360.2424261632935,7.238607788085938,0.25993809186715183
360.3254994976705,7.201911926269531,0.25700211613757334
360.4083941257946,6.76708984375,0.2528705219063936
360.49150573049053,7.133496856689454,0.259727836166685
360.5744385466079,7.513029479980469,0.26466392290567853
360.657390440551,7.145906066894532,0.2578722403083437
360.7405594609606,6.953890228271485,0.2536843160535602
360.8235495692814,6.7909698486328125,0.2501703876695993
360.9067569040959,7.337117004394532,0.25643230508463905
360.9897852444011,7.330846405029297,0.26032402516702224
361.07303091127346,7.241289520263672,0.2627294265680131
361.156097501178,7.568997192382813,0.2662643231919765
361.23918319968516,7.247492980957031,0.26114523812195195
361.3224863748958,6.7760498046875,0.25401414840477166
361.40561034942914,7.0739692687988285,0.2564833655592647
361.48895190085466,6.974204254150391,0.25471157990136334
361.5721141690495,7.324881744384766,0.25723107353145686
361.655494114371,6.928119659423828,0.2519986331393826
361.73869469387057,6.97147216796875,0.25338733498475435
361.8219144127992,6.752617645263673,0.24997567554224198
361.90535195923326,6.479673004150391,0.28658199187881467
361.98861001593616,7.353061676025391,0.2943129239374251
362.0720860004946,7.184449005126954,0.2617573971745653
362.1553824126354,7.256572723388672,0.2566082106553807
362.23889685302817,7.2602684020996096,0.25581113421136625
362.3222316382784,7.3294822692871096,0.25384978449497875
362.4055855938341,7.552845764160157,0.25445080191806163
362.48915772826297,6.886669158935547,0.24618326609436442
362.57255008344055,7.162140655517579,0.24951689780915634
362.6561607180034,7.553865814208985,0.2569171426793848
362.7395914904947,7.475929260253906,0.2542474008802799
362.8232406429298,7.070324707031251,0.24957425603870315
362.90670985043533,7.342185974121094,0.2541021280559094
362.99019825917225,7.444570922851563,0.2555063068039138
363.07390519871717,7.168161010742188,0.2509447093096359
363.1574320690232,7.015387725830078,0.24817396365077615
363.2411775708114,6.930763244628906,0.2469379377440778
363.32474292040723,6.8711700439453125,0.2472137241759186
363.40852700220574,6.897519683837891,0.24625571054540668
363.4921308488201,6.9999328613281255,0.24855687984953667
363.57575392764187,7.095074462890626,0.2499966501000313
363.65959588977387,7.137508392333984,0.2512433121663292
363.7432574922119,7.08182601928711,0.24688166012180882
363.82713807879685,7.075396728515625,0.24702206701019735
363.9108382226006,7.503091430664063,0.2532187402382513
363.99475745143394,7.041835021972656,0.25022876985270154
364.07849615436055,7.247275543212891,0.25798035713432554
364.16225412052034,7.276908111572266,0.25847456017378295
364.24623132306147,6.968142700195313,0.25282794594577207
364.3300278749849,7.037464141845703,0.2500162093830944
364.414043764289,6.931623840332032,0.2489232311091517
364.4978789197539,7.2214805603027346,0.25016125419974305
364.58193351364514,6.874259185791016,0.24590380848286172
364.6658072904376,6.946005249023438,0.2480095662620217
364.7497003615391,7.440216827392579,0.25621565970854215
364.83381302266264,7.102856445312501,0.2539539678207345
364.91774474177544,6.689349365234375,0.24924447189269006
365.0018961520723,6.756201171875,0.24788337856625675
365.08586653700274,6.8771202087402346,0.24896947532806044
365.1700567143259,6.766191101074219,0.2469530286621624
365.2540657828887,7.219062042236328,0.25087281281735824
365.3380941768868,7.216236877441407,0.24978776882416043
365.42234251511775,6.858447265625,0.24597490869029903
365.5064096194749,6.892964935302735,0.24548344683634232
365.5906967693903,7.0732673645019535,0.24924666381951185
365.67480260194174,7.297291564941407,0.2508115924283643
365.75912858142357,7.043663024902344,0.2488174021028569
365.8432731600127,7.022765350341797,0.24638708316603314
365.9276379869509,7.241101074218751,0.24834175800722327
366.0118213294294,7.026165771484376,0.24308452302224334
366.09602403743736,6.5934326171875,0.23798534364017188
366.18044714595,6.68009033203125,0.23905738795464543
366.26468864462964,7.092313385009766,0.24537558043502303
366.34915064534925,7.2005050659179695,0.2482971856247254
366.4334309525726,6.991236877441406,0.24704664291388734
366.5179318634183,7.043982696533203,0.24546567043090928
366.6022509970657,7.004303741455079,0.24235737082040143
366.6865895274839,6.837840270996094,0.23899510785990682
366.77114881392504,6.763529205322266,0.23677243999999883
366.8555261975927,6.839079284667969,0.23840510228110792
366.9401244389827,6.958332061767578,0.23978063407254455
367.02454069380093,6.571549224853516,0.23575593322222274
367.10917790808764,6.92265625,0.23981943881724424
367.19363305196566,6.771128082275391,0.2389679156546742
367.2781076239056,6.624757385253907,0.23780526572927985
367.36280330796063,7.190872955322266,0.24454677080426093
367.44731679582895,7.031381225585938,0.24779212024282748
367.5320514976758,6.993171691894531,0.25153251317309516
367.61660391940256,7.194898986816407,0.2545123560004073
367.70137765701804,6.7001220703125,0.2445841752156789
367.78596903054125,6.782408142089844,0.2397761044844219
367.87057986346815,7.045597076416016,0.24277116750135463
367.95541216517665,6.760600280761719,0.239257448677901
368.04006197681196,6.550985717773438,0.23970701131217723
368.1249333592566,6.882024383544922,0.24492695300257075
368.2096221675592,6.61808090209961,0.24014152370324646
368.29453264874587,6.720132446289063,0.24040195818715274
368.3792604716829,6.82073974609375,0.2425684652498682
368.46400778541584,7.028378295898438,0.2446865365052894
368.54897692517227,7.009239959716798,0.24675362565630535
368.6337632804949,6.872341156005859,0.24764085777056863
368.71877156403343,6.842955780029297,0.24825370875838537
368.8035969789338,6.54532699584961,0.24456926370787946
368.88864442428905,6.731242370605469,0.24394490265271873
368.9735089167628,6.955101776123048,0.24764198928472692
369.0583929314755,6.706289672851563,0.2434965759283112
369.14349913002985,7.021125030517578,0.2469264503050626
369.2284222493149,6.987110137939453,0.24782181406818415
369.3135676547989,6.703541564941407,0.2449619803501673
369.3985298966732,7.073770141601563,0.24544838264139468
369.48371452715065,6.602970123291016,0.23915144466308927
369.56871590963914,6.891560363769532,0.24180037266068957
369.65373684586035,6.709329223632813,0.24085565247811103
369.7389803243185,6.9170776367187505,0.24504665987869687
369.82404042819644,7.191323852539063,0.24843809211133072
369.9093231768336,6.9883056640625005,0.24555806609225572
369.99442246641394,7.005329895019532,0.24403489801240066
370.0797445033231,7.071743774414063,0.24512554513297058
370.16488299666014,6.978392791748047,0.24272662913495655
370.25004107527417,7.100232696533204,0.24382072207585864
370.3354220550988,6.644721221923828,0.23496371306895347
370.42061936455565,6.522611236572266,0.2314246088724381
370.5060396779107,6.750521087646485,0.23479007478998448
370.591276236285,6.907958221435547,0.23778323548084807
370.6767359012926,6.558694458007813,0.23204191058144957
370.7620117266678,6.9845222473144535,0.23734959052360063
370.84730716891545,6.884622955322266,0.23905594257800208
370.93282587192624,7.093320465087891,0.24152487394234867
371.0181606083045,6.60330810546875,0.2339899448636812
371.1037187082992,6.80246810913086,0.23297273942510766
371.1890927569122,6.507136535644531,0.2293928074009156
371.27469027204233,6.44610824584961,0.22838323522307338
371.3601036510023,6.904155731201172,0.23402396156691152
371.445536678481,6.947523498535157,0.23598055603697424
371.5311933268555,7.3974609375,0.23957898253069085
371.61666571185475,6.977261352539063,0.23428164442480118
371.70236182076917,6.3409873962402346,0.22668333957202896
371.78787358142216,6.635681915283204,0.2322715711131482
371.87360916905715,6.700032043457032,0.2327063702093303
371.95916032350567,6.738282775878907,0.23098389315287662
372.0449354080504,6.825501251220704,0.2309487342904534
372.13052597444437,6.907101440429688,0.23312845798153023
372.21613623012166,7.140345764160156,0.236034541520726
372.3019705705941,7.066790008544922,0.2354085095464206
372.3876202654468,7.103955078125001,0.23528276832687078
372.47349414832735,7.635013580322266,0.24237550941683078
372.55918330052623,7.827155303955078,0.24735035760513063
372.6450967440336,8.102816772460939,0.2516679219441307
372.73082537175793,8.565051269531251,0.25705812434678854
372.8165737205286,8.615052795410156,0.25768799979103885
372.90254651555637,8.459931945800781,0.2564012915958814
372.9883343671263,8.010157775878907,0.24830337891715049
373.0743467683527,7.33111801147461,0.2392658677337451
373.1601741409221,7.377388000488281,0.23884027507534833
373.2462261665952,6.600879669189453,0.22826875018659157
373.33209307837257,6.774985504150391,0.23496109395414436
373.41797974301056,6.475731658935548,0.23304611798727978
373.50409121595084,6.606781005859375,0.23598741969666845
373.5900174471145,6.854230499267579,0.23761031204169686
373.67616859014686,6.11181869506836,0.22539463859395337
373.762134406066,6.158925247192383,0.22171609039125573
373.8483252374675,6.647286987304688,0.22484420993909804
373.9343306563799,6.519377136230469,0.22288483943852674
374.02035586001847,6.529833984375,0.22390190314920205
374.1066062345884,6.644736480712891,0.22495315036828012
374.1926710685822,6.439962768554688,0.2227120057927186
374.2789611772406,6.489573669433594,0.2214681015620565
374.3650656598483,6.648760223388672,0.21958921092353872
374.4513955209019,6.427466583251953,0.21804363340588506
374.53753967039097,6.638723754882813,0.22116728198880078
374.6237036365234,6.5676620483398445,0.2215038824549144
374.71009313680116,6.435309600830078,0.21917658196898346
374.79629679722086,6.311993408203126,0.2176734510625331
374.88272609568673,6.537183380126954,0.22059531479163305
374.96896946868213,6.547431182861328,0.22070890945499844
375.0554385836723,6.617086791992188,0.22237095753532232
375.14172168754027,6.332167053222657,0.21946897850545197
375.22802464002007,6.583956146240235,0.22208381343838784
375.3145534904452,6.589759826660156,0.22111076851061193
375.4008962012477,6.30778923034668,0.21708151384779573
375.4874649140639,6.414836120605469,0.21907711702866056
375.5738474015069,6.35791358947754,0.21778948508111595
375.66045599508004,6.271186447143555,0.2166947365950249
375.7468782774898,6.125880813598633,0.21364246024778397
375.8333204405315,5.908792495727539,0.2110181735228272
375.9199888659056,6.2598316192626955,0.21653228857666582
376.0064708514087,6.162759399414063,0.21992188015105807
376.0931792034804,6.51245346069336,0.22583950022683932
376.1797010297921,6.460234069824219,0.22255139059089613
376.26644932695683,6.326972961425781,0.21676069239336862
376.3530110124333,6.131284332275391,0.21379417560848324
376.4395926106132,6.25859603881836,0.21528159747354014
376.5264008361004,6.611532592773438,0.2203431165324375
376.6130223209835,6.624876403808594,0.22119058001994865
376.69987053757836,6.441500091552735,0.219110332723786
376.78653192754217,6.489203643798828,0.21998954271733143
376.87342015367,6.576618194580078,0.22306404642156474
376.96012146709967,6.428635406494141,0.2243917646555898
377.04684272535627,6.268137741088868,0.22384742955456707
377.1337909764837,6.249695205688477,0.22257107882276392
377.2205521857893,6.359220123291016,0.21857712384068406
377.30754049253846,6.24498176574707,0.2136397939370397
377.3943416712999,6.062944793701172,0.21092368378095677
377.4813700521259,6.231851196289063,0.21420035253662972
377.5682112187582,6.280270767211914,0.21644626024527508
377.65507236239284,6.510860443115234,0.2209964238838607
377.7421608650513,6.063712692260743,0.21468796781927588
377.8290620241844,6.263954544067383,0.2164389170590849
377.91619064708294,6.582002258300782,0.21932715781261966
378.003131840151,6.267241287231446,0.21421442016243178
378.0903006017743,6.182750320434571,0.2126945687564172
378.17728184722216,6.325813293457031,0.21506561424379034
378.264283101899,6.232879638671875,0.21515261069589095
378.3515120823439,6.25426368713379,0.21456086138259028
378.43855341707297,6.139522933959961,0.21281844271537007
378.52582258248043,5.952904510498048,0.20913484972597587
378.6129040157276,6.114351272583008,0.211211620181596
378.70021338461186,6.1974018096923835,0.21267756589859033
378.7873349348517,6.4084724426269535,0.21563042706495447
378.87468452573586,6.543479156494141,0.21639069120605758
378.96184621145153,6.237574768066406,0.2144238799379412
379.04902794790917,6.012835311889649,0.21318831351584408
379.1364378825499,5.853927993774414,0.2112945413147442
379.2236597822131,6.294042587280273,0.21597135018160674
379.3111099851875,6.221689224243164,0.21998133330126077
379.3983720665603,5.874388504028321,0.21353256317385588
379.48586255642107,6.267007827758789,0.2177496582302234
379.5731648380167,6.262284469604492,0.21344698021604233
379.6604872027005,6.143657302856446,0.21386095704852615
379.74803813366486,6.318483352661133,0.21678491000374045
379.8354007263457,5.9711349487304695,0.21005059845577223
379.92299199060506,6.319083404541016,0.21565633767320277
380.01039482981713,6.49901351928711,0.21840152104893243
380.0980264459539,6.299508285522461,0.21655210927877297
380.18546955024016,6.156645584106446,0.21443987244611723
380.27293277001274,6.56363754272461,0.21714799902024975
380.3606249247574,6.4236694335937505,0.21579129394187024
380.4481284374231,6.199635696411133,0.21275357993804975
380.5358609905286,6.275213623046875,0.21389560343740888
380.6234048146516,6.125814819335938,0.21490715491567414
380.7111777847307,6.333616256713867,0.21677285710410224
380.7987619388838,6.517142486572266,0.21569067539681033
380.88636624097364,6.412512969970703,0.21390196159868538
380.974199847322,6.39148178100586,0.2156159516745512
381.06184450730586,6.398616790771484,0.21834949741571263
381.1497185771859,6.381102752685547,0.21991477975763518
381.237403613658,6.449259185791016,0.22221705470430134
381.3253181657125,6.0110919952392585,0.2135319610876017
381.4130435972752,5.873382186889649,0.20882062203825927
381.5007892092775,5.968689727783204,0.2082825634609419
381.58876449542015,6.25028305053711,0.21178086383431527
381.6765505304222,6.447246551513672,0.213657384712858
381.7645663453727,5.889350128173828,0.20728975877399647
381.8523928219985,5.975790023803711,0.21032443870408693
381.94044918442955,6.156584167480469,0.21319158382261927
382.0283161213118,6.189862442016602,0.21206130176587212
382.11620327118874,5.8919216156005865,0.20725387917590604
382.2043204656846,5.780506134033203,0.2054630913402977
382.29224810377195,5.927319335937501,0.20760147564357012
382.3804058924569,5.906918334960938,0.20810443939276468
382.46837403740864,6.009674835205079,0.2102491835943131
382.5565724389859,5.974092483520508,0.21024637227358833
382.64458110946475,5.863219833374024,0.2101510826090409
382.7326100255461,5.830389022827148,0.20995244407961786
382.8208693573228,5.9433643341064455,0.2122077345092268
382.9089388269303,6.626193237304688,0.22167398957154374
382.9972388183829,5.813252258300782,0.21009011985360002
383.0853488602009,6.049081802368164,0.21351244319461113
383.17368953006246,6.441996765136719,0.2211127015323413
383.26184016278347,6.100962066650391,0.2180068397184216
383.3500110737676,5.992535018920899,0.21951920568605013
383.4384127721215,6.37791633605957,0.22070314225270177
383.52662430205294,6.086160278320313,0.21495662287500555
383.6150667256753,5.857736968994141,0.21039767899377987
383.7033188932684,5.97746467590332,0.21003141907228381
383.79180206092235,5.722136306762696,0.20786178140305595
383.8800948848999,6.139643478393555,0.21326614864900845
383.9684080198534,6.404936218261719,0.21711562952919589
384.0569523144514,6.303243255615235,0.21682438441746138
384.1453061338789,6.243704223632813,0.21538258231171967
384.23389121944336,5.919284057617188,0.21009823133640265
384.3222857420894,6.15836296081543,0.21219136775843228
384.41091163741413,6.356151199340821,0.2139603052327945
384.4993468820319,6.23504753112793,0.21303638504514805
384.5878024703912,6.109245681762696,0.21123366675930272
384.67648959127007,6.389789962768555,0.21520584245924643
384.7649859297359,6.384653091430664,0.2155267436803186
384.85371390738544,6.1987659454345705,0.2127399057429592
384.9422510147324,6.011495971679688,0.2077142670757721
385.0310198679766,5.971895980834962,0.20712853983711565
385.11959776298806,5.998922348022461,0.20794524607535925
385.2081960345597,5.867525100708008,0.2074368753086242
385.29702621212743,5.8917793273925785,0.20764991621349968
385.3856652995438,6.087576293945313,0.2066670813153525
385.47453639979256,6.237182235717774,0.20741285822251207
385.56321632185853,6.325804901123047,0.20828358674367997
385.65212836364253,6.335239028930665,0.21004263057212144
385.7408491391719,6.039002990722657,0.20846051801006713
385.8298021413541,6.200654220581055,0.21011429125072467
385.91856378916924,6.369181823730469,0.21111473223448238
386.0073458558192,6.258088684082032,0.2098397347546439
386.09636030955295,6.632235717773438,0.30482733579605614
386.1851832767273,6.783294677734375,0.3047320460148195
386.27423873804327,6.335227966308594,0.23826555079573353
386.3631026245859,6.281240463256836,0.20696239256222865
386.45219911237757,6.475910186767578,0.20758562512279757
386.54110393714114,6.751519012451173,0.21484357807582943
386.6300292136795,6.798603057861328,0.2190479178766095
386.71918725215636,6.8398483276367195,0.22287599641781106
386.8081534951997,6.907474517822266,0.22233114376663524
386.8973526074126,6.518119812011719,0.21157361369000652
386.98635983583546,6.69577865600586,0.2117391854314904
387.0756000407079,6.621787261962891,0.20985458554440717
387.1646482733934,6.2782737731933596,0.20663660533384373
387.25371699084656,6.169139480590821,0.2045531063771661
387.34301884569805,6.060475158691407,0.20226067372399778
387.43212859574345,6.1046905517578125,0.2022199238708592
387.521471590591,5.935580062866212,0.20001450338753324
387.6106223921336,6.210453033447266,0.20244610284158898
387.7000065459316,6.200018310546875,0.20329313455577755
387.7891984178849,6.315585708618165,0.20355781906176618
387.87841080765196,6.378933334350586,0.20353785065249916
387.96785671088287,6.1237941741943365,0.20077375451749876
388.05711019943595,6.0754230499267585,0.19984486290988918
388.14659730902997,6.05799674987793,0.20017129707053513
388.2358919153047,6.039722061157227,0.20106539831043524
388.3254202502469,6.198131179809571,0.20395810313657778
388.41475599318716,6.103622817993164,0.203507978129972
388.50411228704036,6.064235305786133,0.20169596510475896
388.59370247102976,6.071981811523438,0.1995062220419289
388.6830999299697,6.189501190185547,0.2000246987787998
388.7727313867964,6.044541549682617,0.19958354733263078
388.8621700297891,6.110321044921875,0.20122501835733778
388.95184277846846,5.842550277709961,0.19736180548436597
389.0413226244886,5.915224075317383,0.19732051035394813
389.1308230545743,5.776496505737305,0.19416482211516262
389.22055775207593,5.855582427978516,0.19572399111959962
389.3100994136559,6.104530715942383,0.19955422157522765
389.39987545057613,5.807471084594727,0.19712515130749553
389.4894583626469,5.95616798400879,0.1991065763894889
389.57927575803194,6.000365066528321,0.19807220192458092
389.6688999395989,6.015726852416993,0.19710520227993025
389.7585447384378,5.95523796081543,0.19560346135357456
389.84842418258074,5.869319534301758,0.19614498652723772
389.93811027942854,5.85004005432129,0.19787954534677088
390.0280311296789,5.987500381469727,0.2016007859803533
390.1177585435628,5.996042633056641,0.2021308616748328
390.2077208189975,5.89818115234375,0.19893230612962065
390.2974895689533,5.7922912597656255,0.19523399931984134
390.38727896944084,5.7834007263183596,0.19349546015440863
390.4773033937305,5.809189605712891,0.19484906033332428
390.567134158849,5.507707214355469,0.19281596560232248
390.6572000560423,6.089168548583984,0.20116822101848203
390.7470722048494,6.076317977905274,0.20157180084847362
390.8371795940542,6.037534713745117,0.2011781570810022
390.9270931456166,5.803039932250977,0.19984869263352634
391.01702738102415,5.912976837158204,0.2045266155810075
391.1071970193423,5.858379364013672,0.20291152707004448
391.1971726861101,5.798462677001954,0.20023928242962113
391.2873838642361,5.522572708129883,0.19283214005548305
391.3774009814526,5.880810546875001,0.1968735621497848
391.46765371852473,6.016139984130859,0.19758594463842827
391.5577123052875,5.588032913208008,0.19082105222879675
391.6477916092625,5.701601791381837,0.1913004207009741
391.7381066958684,5.935364151000977,0.19379751519626914
391.82822749804063,5.666687393188477,0.1909261262910048
391.91858419146604,5.446012496948242,0.19074091270833585
392.00874651095495,5.8679347991943365,0.1961146326137726
392.0991448303694,5.750519180297852,0.19660146098687103
392.189348686303,5.526509094238282,0.19230279015215004
392.27957329286994,5.557279205322266,0.19318759284702716
392.3700340624002,5.684250259399414,0.1949256297972276
392.460300234109,5.6867218017578125,0.19470307649063429
392.5508026775789,5.667924880981445,0.19380967457008436
392.6411104335801,5.66433219909668,0.1938032312269991
392.73165457019,5.595696258544923,0.1935325848839835
392.82200392964245,5.938268280029297,0.20132912595660768
392.9125897786015,5.73001823425293,0.20225535364444866
393.0029807606728,5.554200744628907,0.1999044983603684
393.0933925364281,5.919801330566407,0.19961333639415296
393.18404096506623,5.437847137451172,0.19062375672658494
393.2744943921974,5.480257415771485,0.19043363715104078
393.36518458123464,5.688202667236329,0.19354392741255178
393.4556796789317,5.461704254150391,0.192762781000435
393.5464116476083,5.561145401000977,0.19611094613525992
393.6369484350697,5.594160461425782,0.19662659263123072
393.7275060497595,5.660189819335938,0.19581240351440043
393.81830069906835,5.773815536499024,0.19532010571851857
393.90890003232573,5.718601226806641,0.193487385817517
393.9997365094017,5.612310028076172,0.1920821096730949
394.0903775804478,5.515486145019532,0.19369936952947475
394.1812559045617,6.03148536682129,0.23712655261258733
394.2719387326261,6.103488540649415,0.23418752123293102
394.362642421517,5.885376739501954,0.20360951413905037
394.45358352737946,5.705089187622071,0.2002489558363288
394.54432900213834,5.834103393554688,0.2009862114993616
394.63531200324417,6.186320114135743,0.20460796324148336
394.72609928312284,5.770904159545899,0.201216787044928
394.81712419877425,5.488729095458985,0.1972933608531863
394.9079533030335,5.621002197265625,0.19775024413338338
394.998803301772,5.680538558959961,0.1961569970770797
395.0898911004511,5.91662940979004,0.19897075985457893
395.1807829524663,5.805168151855469,0.19890209388595947
395.2719127139741,5.69193229675293,0.19982809559452389
395.3628464385488,5.965272903442383,0.20423661805734464
395.4540181822186,6.0418441772460945,0.20335298558130016
395.5449937986448,5.8581283569335945,0.1985364658454945
395.63599034325705,5.627801132202149,0.19619119649189526
395.72722507139713,5.651323318481445,0.19597364937055184
395.8182635368036,5.660502243041993,0.19584166590103425
395.9095402954664,5.519863128662109,0.19423219017157262
396.00062070098124,5.679957580566406,0.19497032045955873
396.09193950953124,5.872564315795898,0.19798202431626466
396.18306187447735,5.796579360961914,0.1963818029124458
396.2742052013706,5.619804000854493,0.19406068322464726
396.36558709599717,5.392840194702149,0.18995837973094423
396.45677241131114,5.423723983764649,0.18877413195344175
396.5481964042639,5.3188011169433596,0.18817662444754446
396.63942372734357,5.569206619262696,0.19146847201914757
396.7308898380184,5.985016632080079,0.19526271468362222
396.82215918821805,5.6557769775390625,0.22026251470167077
396.9134495341806,5.9563133239746096,0.22766712397317215
397.00497883270197,5.6713909149169925,0.22825745203387482
397.0963112348205,5.55608139038086,0.196253848042041
397.1878826995809,5.67979965209961,0.19510526325062136
397.2792571772321,5.313662338256837,0.18810140573734613
397.37087082765845,5.199443054199219,0.18637669140439855
397.4622874002274,5.310238647460938,0.18749971287682016
397.5537250024296,5.433280944824219,0.18693236757326587
397.6454019426366,5.44888916015625,0.1852801493797776
397.7368816688396,5.406985473632813,0.18501387748539144
397.828600843308,5.547356796264649,0.1873603104489314
397.9201227129194,5.467918395996094,0.18720944593051958
398.01188414110766,5.369641113281251,0.18560171277956827
398.10344817354405,5.447978591918946,0.18562533525928254
398.19503326953844,5.298196792602539,0.18253728436761218
398.28685808960614,5.383984756469727,0.18282619226220223
398.37848537755553,5.432324600219727,0.1828513486719132
398.47035250001636,5.475535202026368,0.18344731467745262
398.5620219993597,5.530902862548828,0.18656521045101723
398.65393144370364,5.337047195434571,0.18355935416490332
398.7456431738887,5.2736248016357425,0.18048023381987316
398.8373760016114,5.361474990844727,0.18192278103195147
398.9293489400982,5.431911849975586,0.18481259479795054
399.0211240278395,5.350482177734375,0.18332650029809233
399.11313933696135,5.263939666748048,0.18207097928962473
399.2049567041919,5.49406852722168,0.18325492029378726
399.2970144034701,5.501475143432618,0.1818943469764867
399.3888740696688,5.265164566040039,0.17887516905775128
399.48075486743943,5.229940414428711,0.17885440588927612
399.5728761632887,5.3480377197265625,0.18110169939176332
399.6647992892516,5.4407958984375,0.18284457126742615
399.7569630240881,5.316225814819337,0.18122362857450677
399.8489284977449,5.295897293090821,0.17992191733729862
399.9411346911213,5.408094024658204,0.1822670902930873
400.03314253198266,5.315752029418945,0.18315773667009627
400.12539120346054,5.079467010498047,0.1818664192399002
400.2174414310461,5.421832275390625,0.1844353037268025
400.30951283404454,5.2754966735839846,0.18152799909271433
400.4018252340348,5.155359268188477,0.1785066282920319
400.49393905304214,5.371992111206055,0.17964245337990256
400.58629398006593,5.395600128173829,0.18062173550627117
400.6784502346241,5.362508010864258,0.1816991314737318
400.7708477082748,5.479625701904297,0.18469417162348037
400.8630464179351,5.410971069335938,0.18556365373056027
400.9552663371682,5.237920379638672,0.18418576080697924
401.0477276421374,5.425813674926758,0.18373359369302011
401.13999004580444,5.358865737915039,0.1815335970645253
401.2324939464116,5.167325210571289,0.17890105853361732
401.3247988540861,5.5060577392578125,0.1841961805068145
401.4173453699559,5.366481399536133,0.18381126077678586
401.50969280122087,5.33835563659668,0.18268547346616998
401.6020614762737,5.359721755981446,0.181676788624009
401.69467192643407,5.041362380981446,0.1764640204564275
401.7870831544563,5.166010665893555,0.1791576167410766
401.8797362689694,5.218930053710938,0.18011586884401146
401.9721900695664,5.193829727172852,0.1784665933831925
402.06488586808865,5.69604721069336,0.1836358591729326
402.15738226087444,5.400986480712891,0.1805621790073918
402.24989993171846,5.40538558959961,0.1811856111512714
402.3426597676695,5.1242431640625,0.17526821509783216
402.435220060129,4.9926300048828125,0.17211564630956938
402.52802262925843,5.364480590820313,0.17837072933152065
402.62062556297025,5.2318874359130865,0.17828746573166676
402.7134708849662,5.1057270050048835,0.1773210268777577
402.8061164795762,5.259005355834962,0.17922267310231188
402.8987833865699,5.449954223632813,0.18027574447356287
402.99169284929917,5.36129264831543,0.17721436432851986
403.0844024466652,4.932543563842774,0.17303836740921896
403.1773547115096,5.280554580688477,0.17825468413176107
403.2701070189162,5.180013275146485,0.17779876285108184
403.3631021055957,5.143916320800781,0.17647125927362334
403.4558971427206,5.514377593994141,0.18066144623503952
403.5487135266101,5.527732086181641,0.1810525084080099
403.64177285749395,5.171549224853516,0.17672510643806313
403.73463200062326,5.248402786254883,0.17803571552404288
403.8277342026703,5.317886734008789,0.17957921714282632
403.92063612473976,5.094154739379883,0.17593468621022967
404.0137812177014,5.270097351074219,0.17697291578951968
404.10672593842025,5.334066390991211,0.17738133277040283
404.19969204034,5.219675445556641,0.17579610432403273
404.29290148114404,5.307553100585938,0.17638509003516487
404.3859104112825,5.204608917236328,0.17597607786401304
404.47916279240883,5.045484924316407,0.17667504811605095
404.57221457049775,5.157904815673828,0.1794635290505485
404.6655099117301,5.187722778320313,0.17930410189299167
404.7586045575107,5.251412582397461,0.17780916602904953
404.85172061898413,5.429812622070313,0.17930196303296642
404.94508041186407,5.1832214355468755,0.1799250418776518
405.03823937064595,5.253722381591797,0.18375047268229738
405.131642173119,5.455006408691407,0.18866953674937192
405.22484404897335,4.988769912719727,0.1814470646863291
405.318289880855,5.461449432373048,0.1830790384542084
405.4115346935545,5.583463287353516,0.18517247144267682
405.5048009564946,5.20490837097168,0.18151223306717218
405.5983113439964,5.0649860382080085,0.1788230147980477
405.6916205734464,4.983728408813477,0.17614521900595095
405.78517403992385,5.0638874053955085,0.1762148010181063
405.87852625567945,5.435456466674805,0.18262841820125997
405.97212282098,5.421536254882813,0.18522349822677872
406.06551804284607,5.211774826049805,0.18040863635194437
406.1589347495557,5.283403015136719,0.17819406515530714
406.25259597461695,5.513628005981445,0.18149250681288862
406.34605571714957,5.637079238891602,0.18357858208082672
406.4397600906808,5.606585693359375,0.1867037074639001
406.533262888864,5.6544033050537115,0.18724686375570407
406.6270104307447,5.677388000488282,0.18392439530862642
406.7205563044152,5.749533462524415,0.18365490807068321
406.8141236975886,5.595193099975586,0.18213883030607872
406.9079360035381,5.859945297241211,0.18460856437713952
407.00154650195924,5.6944824218750005,0.18178494202286585
407.0954020259853,5.716619873046875,0.18155711776992722
407.1890556495139,5.686912536621094,0.18053606154778878
407.2829544115282,5.767633438110352,0.18356876458071802
407.37665118003275,5.776326751708985,0.18491135448407137
407.47059319995617,5.682958221435547,0.1843911001648462
407.5643331333147,5.888169860839844,0.1865663619487361
407.6580946308215,5.898805236816407,0.18676190283167016
407.75210154917653,5.5408676147460945,0.18762786074434643
407.84590624135956,5.718654251098633,0.19401196827415335
407.9399564674538,5.874924468994141,0.1951363023209806
408.03380437421384,5.973602676391602,0.19172487841220265
408.12789792799987,5.757242202758789,0.1849236505074738
408.2217890692469,5.576446151733399,0.17822735322614688
408.3157018094291,5.524899291992188,0.1764790231580872
408.4098603663402,5.757405471801758,0.179098023962234
408.5038163708797,5.781513214111328,0.18155176729905778
408.59801830539317,5.471634674072266,0.1801730062199848
408.6920175942227,5.5304409027099615,0.18078679316523116
408.78626292632384,5.697704315185547,0.18263652418182083
408.8803055193856,5.776873016357422,0.18235819936005648
408.97436974622576,5.562714004516602,0.17970860166392194
409.06868018631394,5.5468284606933596,0.178166998090399
409.16278774730466,5.478097534179688,0.175707953160384
409.2571416349715,5.388195800781251,0.17399521533467566
409.3512925500779,5.518276596069336,0.17575128815741936
409.44568990534066,5.3281707763671875,0.17581314799368283
409.53988419453697,5.439362335205079,0.17918641524490148
409.6341001524108,5.590185165405273,0.18024141778608183
409.7285627206919,5.470182418823242,0.1764854283151318
409.8228220826224,5.437742614746094,0.17434521795500565
409.91732816857103,5.46189193725586,0.17357668960958916
410.0116309545554,5.175457000732422,0.1709597755901576
410.1061805782212,5.3188232421875,0.17186697466882925
410.2005268082659,5.240989303588868,0.17114528735811474
410.2948947419438,5.339391708374023,0.17223819854348635
410.3895096838285,5.277859497070313,0.1723733294347335
410.48392109158175,5.144314575195313,0.17146193919453837
410.57857962133596,5.391294097900391,0.17565190540442543
410.67303452319413,5.2402385711669925,0.1741803540446471
410.76773666089986,5.113574600219727,0.17223726203847511
410.86223507690164,5.388566970825195,0.17379616116572408
410.9567552315485,5.138125228881837,0.16942227678041857
411.0515227928434,5.1736286163330085,0.17157159115766993
411.14608649169725,5.351623916625977,0.17548363245764617
411.2408977111771,5.382534027099609,0.1764072953821943
411.33550497429985,5.308513259887696,0.1737367725837058
411.43035987207867,5.24635124206543,0.17215093320041677
411.5250107195414,5.218523788452149,0.17125555996886654
411.6196833407174,5.229195404052735,0.17093778541841592
411.7146037676259,5.178346633911133,0.17058232182633426
411.80932000325373,5.346908950805664,0.17273784285039107
411.90428415877557,5.034821319580079,0.16904405941070014
411.9990440289497,4.924766159057618,0.16726701424374743
412.09405193323175,5.092012786865235,0.16965072917120572
412.1888554580552,5.143302536010743,0.16998070604593038
412.28368079171713,5.234442520141602,0.17043742566939724
412.3787543308391,5.004642486572266,0.1681457742828112
412.473623349311,5.202291870117188,0.1743686761356394
412.56874068758873,5.309630966186524,0.17854613885714618
412.663653410997,5.01622543334961,0.17481298026579403
412.7588145686097,5.161220932006836,0.17577672671507197
412.85377101709025,5.255707931518555,0.17393857091788026
412.9487493095912,5.052792358398438,0.16955602525338945
413.0439762079248,5.242327117919922,0.17015618104100996
413.13899825570707,5.166909790039063,0.17065492713731534
413.2342690238526,5.023017501831055,0.1691135570281826
413.32933484707536,5.145637893676758,0.16799756793840243
413.42464950524436,5.001857376098633,0.16617270081039884
413.51975912407596,5.039268112182618,0.16835313017482922
413.61489062216634,5.405428314208985,0.17489785335821836
413.71027112710783,5.071485900878907,0.17124199993535086
413.80544645106465,4.920538330078125,0.16925114088738236
413.9008708965881,5.170237350463868,0.17298407129834037
413.9960900666033,4.956287002563477,0.17277825581587575
414.0915584729528,5.247524642944336,0.17435584009949587
414.18682150922723,5.213531494140625,0.17244127786994912
414.2821064600553,5.096439361572266,0.17135197240749833
414.3776408194002,4.993127822875977,0.17059920298614062
414.47296966679414,5.20463981628418,0.17168974872379836
414.5685480376049,5.154007720947266,0.17043153127407085
414.6639208017888,5.289561080932618,0.17059441627623273
414.75954320434255,5.196457290649414,0.16807654271845096
414.8549599055497,5.177598571777344,0.1678628469922671
414.95062636013273,5.079168319702148,0.16675310900344376
415.04608701860616,5.090997695922852,0.16639459149182598
415.1415696370981,5.03188591003418,0.16711964988226496
415.23730218150575,5.019861221313477,0.16675985301173418
415.33282878763356,4.919245529174805,0.1649256437446705
415.4286054348154,4.797635650634766,0.16338469958039162
415.52417604884465,5.040342712402344,0.16648417594194487
415.6199968191198,5.229314804077148,0.17003350396466954
415.7156114613264,5.31556510925293,0.171070987827738
415.811248098977,5.094921112060547,0.16785823055167937
415.90713506569136,4.787208938598633,0.16489319221603416
416.0028157619378,5.191487121582032,0.16761206801101336
416.0987469025721,5.071007537841798,0.1657738791231138
416.19447167771284,4.8562664031982425,0.16307970086541773
416.290447012619,4.755943298339844,0.16340096929670106
416.38621588696225,4.811338424682617,0.16475931192769838
416.48200679223237,4.906840133666993,0.16532174673450384
416.57804843036473,4.987178039550781,0.16430304727165643
416.67388346530487,4.857448196411133,0.16298614212059337
416.76996934861756,5.0121303558349615,0.1647128863951838
416.8658485335594,5.014234161376954,0.16585496510424158
416.9619786824369,4.935269546508789,0.16492032294721504
417.0579020377213,5.033434295654297,0.16432033337852847
417.1538474594722,4.626179885864258,0.16043028790601466
417.2500440185352,4.831919479370118,0.1630067655720066
417.34603364114525,5.067164993286133,0.16807868655844702
417.44227451676386,5.042021179199219,0.16860809091978213
417.5383083605977,5.059734725952149,0.16831608388349684
417.6345935731897,4.768484115600586,0.1664882604656638
417.7306716586205,4.6955410003662115,0.1652380582566663
417.8267718461151,4.918872451782227,0.1657550648389292
417.92312357602395,4.702345275878907,0.1612040257066664
418.01926803568165,4.6019531250000005,0.15943884853673632
418.1156641536369,5.00241928100586,0.16341816080507898
418.2118529058548,4.851527404785156,0.16223895032409585
418.3082934323068,4.781755447387695,0.16233329278617695
418.4045264974915,4.988616943359375,0.16638619628657078
418.5007817003948,4.964142990112305,0.1677713504491919
418.59728885146785,4.910271835327149,0.16588879059986622
418.69358839795296,4.929032516479492,0.16395241808659328
418.79014000867835,4.785227203369141,0.16327743990418772
418.8864839191755,5.034162139892579,0.16613571529540844
418.9830800100367,5.0265747070312505,0.16704528705283203
419.0794683049854,4.980524826049805,0.16650303327311752
419.17587877336456,4.9186950683593755,0.16696042536497824
419.27254159632423,4.789131164550781,0.16743028653214515
419.36899647981966,4.843944549560547,0.1716242211395873
419.46570383415263,4.639693069458008,0.1698503900847983
419.5622031532272,4.7277065277099615,0.16788096403438382
419.65895505945036,4.925439834594727,0.16753732650196052
419.75549883457654,4.973752593994141,0.16502188124877604
419.8520648189028,4.983042907714844,0.16317049477155018
419.94888356487525,4.875032043457032,0.1613708049642396
420.0454940359671,4.857764434814453,0.1620117416496706
420.14235738515026,4.810876083374024,0.1626023630012988
420.2390123635038,4.968218994140625,0.1647126400162363
420.3359203364471,4.758257293701172,0.16165144136886328
420.4326198425676,4.869567489624024,0.16170948240736013
420.5293415937158,4.773110198974609,0.1602448725274547
420.6263165142327,4.767874908447266,0.15943054484286176
420.72308282391157,4.674552917480469,0.1576532391960117
420.82010241959205,4.817618942260743,0.15826866179297863
420.9169133083307,4.930168914794923,0.16011449656335278
421.01397759975737,4.9477790832519535,0.16072212015310908
421.1108330880942,5.119912719726563,0.1636286627941721
421.20771085734395,5.024583053588867,0.16209230882124123
421.30484220434255,4.766468811035156,0.159803706547606
421.4017646040037,4.774261474609375,0.1600023438014997
421.49894069823483,4.514565658569336,0.1576464256764235
421.59590774886965,4.811524963378907,0.16053144472992492
421.6931286109492,4.777154159545899,0.1584209111231598
421.79014033312933,4.662215042114258,0.15637169797279404
421.88717437216536,4.891876983642579,0.15939043363239447
421.9844623979893,5.067584991455078,0.1642747997027302
422.08154113943345,4.98069953918457,0.16957259625435595
422.178873984675,5.155774688720704,0.1718087175245557
422.2759974491229,4.80823097229004,0.16103494352178338
422.37337513443146,4.83555908203125,0.16054672879935816
422.47054334248753,4.977194213867188,0.1627203526186587
422.56796588852166,4.735013198852539,0.15977171143935132
422.66517886080067,4.613783264160157,0.15851976040288449
422.7624141962348,4.8295654296875,0.16020342685494432
422.85990404535397,4.802965927124024,0.16037766352429245
422.9571841759377,4.821935272216797,0.16162062618492393
423.0547189374588,4.59837760925293,0.15954377396390892
423.15204388383034,4.8060443878173835,0.16225669424155567
423.24962357844527,4.921691513061524,0.16525444416372784
423.34699336125203,4.735874176025391,0.1647215702945357
423.4443855432899,4.8076930999755865,0.16496423493387619
423.5420326495616,4.889040756225587,0.16308915674490776
423.63946969901156,4.783977127075196,0.15964558416306496
423.7371617901367,4.723252487182617,0.1580775047262416
423.83464372767,4.756221771240234,0.15855511325279592
423.9323808243741,4.841197586059571,0.15942418056241317
424.02990767067183,4.920808029174805,0.16081266841965455
424.12745695233434,4.624270248413086,0.15751821965069285
424.22526156944207,4.522865295410156,0.15872275214618015
424.32285579089586,4.822659683227539,0.16558521897389344
424.42070546542527,5.005227279663086,0.16883828124131536
424.51834464737493,4.9281661987304695,0.16457480137919336
424.6162394000852,4.962328338623047,0.1623584458471843
424.7139235632447,4.949413299560547,0.16121771066916107
424.8116301979614,4.8271118164062505,0.16092148639350506
424.90959257999765,4.771455764770508,0.161648885876474
425.00734422700117,4.741239166259766,0.1638808901057318
425.1053517391447,4.8175804138183596,0.16406558777015276
425.20314841917326,4.8955627441406255,0.16235386067908958
425.30120108221655,4.6718086242675785,0.15746510943270142
425.3990428160176,4.693016052246094,0.15673962381630083
425.4969070576264,4.732202529907227,0.15757770933648177
425.5950274590935,4.707771301269531,0.15895418535347958
425.6929367856019,4.954515838623047,0.1624986881636381
425.7911023899791,5.076842880249024,0.16415983885383675
425.88905682215847,4.991749572753907,0.16259555363567646
425.98726765027186,5.005118560791016,0.16360539446780464
426.0852672089033,4.90860595703125,0.16422484875122567
426.1832893116516,4.975381088256836,0.1647653969876055
426.2815679874626,5.011286926269531,0.16493297071057758
426.37963524784016,4.981744003295899,0.1633522396745165
426.4779591994816,4.904534530639649,0.16172254647744802
426.5760716382937,4.914827346801758,0.16127239788810976
426.6744408866249,4.965917205810547,0.16062630233043407
426.7725985246858,4.803765106201173,0.15842380239777987
426.87077874323097,4.87658805847168,0.15886268787974003
426.96921594871003,4.918006134033203,0.1604326752809009
427.06744139773184,4.9406066894531255,0.16252988686703074
427.1659239520788,5.01353874206543,0.16344767991244002
427.2641946524157,4.947846603393555,0.1628106952275738
427.362722576524,4.976049423217773,0.16268170419850222
427.46103854902424,4.840878295898438,0.16115129753126925
427.5593771384347,4.85627555847168,0.16109185559139116
427.6579731293176,4.886297607421875,0.16290732765822913
427.75635702216925,5.020907211303712,0.16470337830160292
427.8549984350758,5.08304672241211,0.1648150290540412
427.95342765224086,5.024312591552735,0.16285311044209083
428.0521145080978,5.228202438354493,0.1646944110416153
428.15058907045795,4.949331665039063,0.16261262670960405
428.2490862862134,5.1255950927734375,0.16533428504872683
428.34784131864853,5.181621551513672,0.16622410868272
428.44638391092747,5.124405288696289,0.16585251094292125
428.54518443866,5.153044891357422,0.16564283496718024
428.64377242836827,5.2523033142089846,0.1669871462764338
428.74261847235846,5.256267166137696,0.16681428415647817
428.84125188041133,5.263307571411133,0.16603940648296073
428.93990797840354,5.291794204711914,0.1673934895370263
429.0388223089527,5.227560806274415,0.17715774960052486
429.1375238566684,5.232056427001954,0.18252868413124992
429.23648375590653,5.156125640869141,0.18262528684045842
429.33523077428544,5.359309387207031,0.186371491857533
429.4342362632068,5.435822296142579,0.18858543996922922
429.5330287731982,5.273529434204102,0.18791121178863635
429.6320798728073,5.208105850219727,0.1728695120353535
429.73091789536977,5.402240371704102,0.16987208007676727
429.829778654945,5.2988632202148445,0.16697474845359506
429.92889818278246,5.47574462890625,0.16890881780613956
430.0278044863729,5.520802307128907,0.17082184843349008
430.12696967743767,5.447414398193359,0.1708924323762285
430.22592154602614,5.787986755371094,0.17599431926918685
430.32513242135656,5.438694000244141,0.1723547488634024
430.42412987593605,5.7310634613037115,0.1750738159938325
430.5231501042069,5.709107208251954,0.17464086576372898
430.62242951815205,5.941000366210938,0.17723434578418218
430.72149536390833,5.666007232666016,0.17457618321606017
430.8208205147436,6.2035568237304695,0.18230801378235192
430.9199319990022,5.843498992919923,0.1777893915030584
431.0193029077994,5.9314315795898445,0.17782484125327291
431.118460051587,5.930466461181641,0.17688670271947315
431.2176400058039,5.678141403198243,0.17412636862541347
431.31707956378057,6.018098831176758,0.17912088452420566
431.41630520907165,6.017767333984375,0.1785676178327635
431.51579057771977,6.119282531738282,0.1805822615509196
431.61506193513605,6.240967559814454,0.18227559043500663
431.71459313556153,6.192035293579102,0.1827468655098
431.81391022616356,5.965937423706055,0.17934922476360085
431.9132501639916,6.1855308532714846,0.18201087664483048
432.01285012433954,5.828026962280274,0.17480143866273126
432.1122358269495,5.989080047607422,0.17719060108591736
432.2118816718694,6.011958694458008,0.1787939908330936
432.31131316034606,6.081065750122071,0.1825193874559755
432.4110049109778,5.939538192749024,0.1837029627237769
432.51048220641553,5.795239639282227,0.18004435609465436
432.60998238593584,5.57009391784668,0.17384184641068756
432.70974300741153,5.902870178222656,0.17535465318806595
432.80928902554024,5.9346458435058596,0.1764456899256031
432.9090956056075,5.916871643066407,0.1756943422870026
433.0086874834632,5.685826873779297,0.17225350457070704
433.1085400432961,5.750260162353516,0.17351886466594657
433.2081778020073,5.911172485351563,0.17563083169177343
433.3078384817172,5.769966506958008,0.1749878242747205
433.4077600234944,5.996821975708008,0.17729864913898685
433.5074666157581,5.66043815612793,0.17414580357418663
433.60743419026596,5.7988227844238285,0.1757160532928989
433.70718671623615,5.647969055175782,0.17514369663101587
433.8072003446829,5.844820404052735,0.17732323686914597
433.9069988255222,5.7070964813232425,0.1751801262867877
434.0068202643358,5.641556549072266,0.1727778945858307
434.1069029860063,5.789788055419923,0.17439580306671965
434.20677041143836,5.518032073974609,0.17328702488973513
434.3068992400981,5.674063110351563,0.1741957269136064
434.40681267333565,5.54344482421875,0.17137798541841096
434.5069876302272,5.40131950378418,0.16939143661430398
434.60694709246684,5.6572921752929695,0.17115724792609874
434.7069295497158,5.575063705444336,0.17088773992164477
434.8071737112903,5.4227539062500005,0.17065513450230324
434.907202229342,5.340766525268555,0.17105154245912726
435.00749257228426,5.676789093017579,0.1733324105795619
435.10756717235984,5.602059936523438,0.17208092780837778
435.2079037179463,5.3693996429443365,0.16945129219627295
435.3080244212765,5.676461410522461,0.1724171224598522
435.40816815671076,5.428536605834961,0.16948028625483388
435.5085740186193,5.395913696289063,0.16861731275201255
435.6087638891603,5.244585418701172,0.16607490115931164
435.7092160069348,5.451362991333008,0.17176331729971347
435.80945203383783,5.396343994140626,0.17404895311571736
435.90995042878933,5.51642074584961,0.1738928015581425
436.01023263331916,5.547793197631837,0.17260203744284636
436.1105379071079,5.561292266845704,0.17440642655518737
436.2111057302003,5.544147872924805,0.17569896510304242
436.3114572135195,5.382303619384766,0.1729055882414532
436.4120713670965,5.670748138427735,0.20315381027662294
436.5124690812355,5.770239639282227,0.19905959253286093
436.6131295866423,5.391770172119141,0.19082250177464344
436.71357355290075,5.368336486816407,0.16879634855495054
436.8140406256327,5.304467391967774,0.16972008199140043
436.91477067117967,5.106720352172852,0.16559862935806471
437.0152840279857,5.171594619750977,0.16528922909910904
437.116060478756,5.399254989624024,0.16730158564245956
437.2166201409603,5.167166137695313,0.16396458827679067
437.3174430183338,5.029059600830078,0.16125777419628642
437.41804900726964,5.319081497192383,0.16683122655002908
437.51891833263625,5.2380512237548835,0.16712904004318266
437.6195706696473,5.195146179199219,0.16715713650858235
437.72024616106944,5.315033340454102,0.16779305606730469
437.82118517084626,5.260367965698243,0.1666690710486485
437.92190704236475,5.241572189331055,0.16649334935012916
438.02289255363837,5.156249618530274,0.1641536624462986
438.12366082662163,5.156215286254883,0.16312589063090435
438.2246928608166,5.001562118530273,0.16126168595655596
438.3255075566423,4.959224700927734,0.16041684552948737
438.42634544423106,4.967420196533204,0.16077921510818471
438.5274472752487,4.923345184326172,0.1611800292495846
438.6283316177527,4.989757919311524,0.1617250172219947
438.7294800252824,4.946912002563477,0.1615840509248435
438.83041084410434,4.924099731445313,0.16066919580196995
438.9316058496044,4.941590881347657,0.16079772336021586
439.03258316615666,4.974043273925782,0.1631235944400469
439.13358371188394,4.937770462036133,0.16484350954798718
439.23484862680095,4.800991439819336,0.16130075043316788
439.3358957023832,4.98277702331543,0.16112983051082735
439.4372072689477,4.955251693725586,0.15979511467570287
439.53830089582186,4.891096115112305,0.15815420978972045
439.63965913552727,5.021844863891602,0.15873462282954764
439.7407993351406,5.132981491088867,0.15983763761101577
439.8419628014014,4.766140747070312,0.1551410645838163
439.9433910632991,4.646252059936524,0.15336504739073528
440.0446011344752,4.832851791381836,0.15803849408673737
440.14607612327757,4.923530960083008,0.1598959329178024
440.2473328208407,4.947708892822266,0.1583928242317865
440.34885455807546,4.797369003295898,0.1564999840671536
440.4501579035071,4.965871810913086,0.15939963631245677
440.55148455311945,4.872065353393555,0.16048611144215041
440.6530764255041,4.908036422729492,0.15911640087702683
440.7544497552132,5.000714111328126,0.1583067140070718
440.8560884298804,4.643206405639648,0.15484702387987573
440.9575084611928,5.002427291870117,0.1609538977707598
441.0591939597055,4.798989105224609,0.15858919407152064
441.16066071413724,5.067659378051758,0.16035869160271382
441.26215081034326,4.666637802124024,0.15433929421210169
441.36390655714547,4.729717636108399,0.15491841046536609
441.4654434087508,4.834675979614258,0.15647339160561458
441.5672460333358,4.838493347167969,0.15644091888632583
441.6688296618818,5.097940063476563,0.16225589220288505
441.7706791858468,4.735561370849609,0.1597408166847755
441.8723096128845,4.7915996551513675,0.16115912455945489
441.97396341935035,4.907979202270508,0.1645255983151245
442.07588330492706,4.833916091918946,0.16339052309934074
442.17758394221664,4.74897575378418,0.16079965631735552
442.27955078119766,4.69947509765625,0.15903874952833671
442.381298270887,4.74615478515625,0.15852368403172357
442.48331208490447,4.830786514282227,0.15743587053202865
442.58510644857904,4.929105758666992,0.1587851566535493
442.6869242293968,4.941859436035156,0.15846405376451037
442.78900851853115,4.906355285644532,0.15795325963790563
442.89087320571844,4.692506408691407,0.1553507182966073
442.9930045240006,4.770629119873047,0.15681359812025666
443.0949161391683,5.107921218872071,0.16200251627816967
443.1970945082654,4.690899658203125,0.15756561830850757
443.299053073034,4.795179748535157,0.1569984020234609
443.4010350927213,4.945522689819336,0.15773904716836126
443.50328405062317,4.58728370666504,0.1538146629647721
443.6053130523481,4.73120002746582,0.15499882324877112
443.7076091152636,4.5678871154785154,0.15445553900250264
443.8096851206713,5.218756484985352,0.1625762383981514
443.9120283103028,4.766588973999023,0.1567882525845597
444.01415134104866,4.707849502563477,0.1573124349309277
444.1162978645501,4.743156814575196,0.1599855671386645
444.21871175685754,4.772046661376954,0.17265763879555363
444.3209053381864,4.660897064208984,0.19618300500314112
444.42336641149575,5.291789627075196,0.21529343305819207
444.525607072332,5.2336883544921875,0.19897802597057074
444.6281153483803,4.789743041992188,0.17803965104082659
444.7304031104145,5.183904647827148,0.17338477522494522
444.8327144031018,4.821825790405274,0.16378552089345688
444.93529349588135,4.83625602722168,0.1610323113743719
445.03765192230793,5.055036926269532,0.1620043916381564
445.1402782722001,4.6388294219970705,0.15644162633643577
445.24268385408124,4.691089248657227,0.15620918734186798
445.34535748285816,4.705297470092773,0.15606713421232105
445.44781024191917,4.793587493896484,0.1578379372619878
445.55053117136293,4.842525863647461,0.15841061520538402
445.65303112933935,4.780849838256836,0.15747579235332942
445.7555546667862,4.703626251220704,0.15724970472652022
445.8583465598792,4.766641998291016,0.15805182388601524
445.96091732885026,4.899177169799805,0.15870208015584286
446.0637565770968,5.000105285644532,0.16038564886305717
446.166374599352,4.689389419555664,0.1588594260213816
446.26926122456916,4.748656845092774,0.16109434114887775
446.37192652187935,4.748852920532227,0.16054373206252795
446.4746154366976,4.783948516845704,0.16015739747901545
446.5775731400402,4.9546649932861335,0.16100676820427418
446.68030936257446,4.923413085937501,0.15831956186451457
446.7833144974622,4.849017715454102,0.15681575294270755
446.8860980495083,4.817806243896484,0.15758711474601692
446.9891506377935,4.769039535522461,0.1571270240807771
447.0919815411568,4.658804321289063,0.15359591356308164
447.1948361001273,4.647911834716797,0.1541029271356193
447.2979598811983,4.860612487792969,0.15791759182062867
447.4008618242002,4.947013854980469,0.16088875326884797
447.50403311333093,4.754603958129883,0.1585417685437066
447.6069824621947,4.7398113250732425,0.1580717425136982
447.71020128127327,4.905411529541016,0.15870448055170594
447.8131980578395,4.8943225860595705,0.15871713356965203
447.9162185281733,4.958962631225586,0.161280173812556
448.0195086548835,5.133070373535157,0.16569229511622952
448.1225765856867,4.802106094360352,0.16104051937142513
448.22591429709485,4.659057998657227,0.15551369433409123
448.3290297102335,4.970480346679688,0.15836836846838262
448.43241502826294,5.035333633422852,0.16119838916483908
448.53557794561283,4.8842315673828125,0.1611409027558485
448.63876459495185,4.97337646484375,0.16269838728502659
448.7422213356437,4.746133041381836,0.15988576089344017
448.8454555220138,4.835794067382813,0.18704016306087956
448.94895992416576,4.88647575378418,0.18588408520276442
449.05224166946783,4.7591899871826175,0.18375838688791468
449.155793755038,4.824808883666993,0.18641838068013705
449.2591230811836,4.878886413574219,0.18675554507201333
449.362476177602,4.6945953369140625,0.1823372023667792
449.46609980105103,4.957816696166993,0.18417937391170094
449.5695005111853,4.457737731933594,0.1767708941343656
449.67317187297994,4.684352493286133,0.15533824456706274
449.7766202187666,4.440765380859375,0.15156445934559293
449.8803393409009,4.828298568725586,0.1574863610414493
449.9838353442865,4.773935317993164,0.15658673071024487
450.0873551562904,5.093904113769532,0.16041389296578834
450.19114593170553,4.809090423583985,0.15792578459254641
450.29471343423404,4.841037368774415,0.15901238773565562
450.3985520250045,4.818697738647462,0.15924996649021841
450.5021672400294,4.726926803588867,0.15647784462660858
450.60605366818464,4.70123519897461,0.1556151539944346
450.70971661768783,4.913171768188477,0.15867215880465144
450.8134034142164,4.836285018920899,0.15930978983593672
450.917361611241,4.821542358398438,0.15925651456819456
451.02109617522683,4.956004333496094,0.16314252312180966
451.1251022647407,5.028469848632813,0.16544503823289458
451.22888461819076,4.751079177856446,0.16379554536972862
451.33293862225884,4.970347595214844,0.1639521291349823
451.4367687871908,5.064825439453125,0.16393180128384327
451.54062283761704,5.04395866394043,0.16230662864687828
451.64474872632934,4.942361068725586,0.1602196470253291
451.74865062126946,4.916523742675782,0.1603793723725354
451.8528244797294,4.849467468261719,0.1600114575294136
451.95677424122607,4.520680618286133,0.15434869591683284
452.06099609153387,4.723805618286133,0.154652450328856
452.16499374164005,4.824735260009766,0.15749191976814536
452.26901531577187,4.986599349975586,0.16253179339735604
452.37330916668554,4.960173416137696,0.16234523345353224
452.4773786625118,4.901374053955078,0.15915411282556924
452.58172056055594,4.621630477905273,0.15504714328426394
452.6858380001555,4.879534149169922,0.15959310407596902
452.7902279674662,4.829676818847656,0.16224447398996877
452.8943933729273,4.686688613891602,0.16015038264812495
452.99858274100717,4.7772975921630865,0.1579947047972682
453.10304482507235,4.512702560424805,0.15418663673533814
453.2072821921523,4.632608032226563,0.1571753258985782
453.31179240085567,4.626344299316407,0.1600066837683932
453.41607778904984,4.822683715820313,0.16089528836531933
453.52063614456335,4.573965072631836,0.15851133241228185
453.6249695759957,4.640118789672852,0.19930824584460544
453.72957610050133,3.255239868164063,0.4133544333246655
453.8339575973061,6.974330139160156,1.0873581746531271
453.9383631064429,8.731153869628907,1.1547884930976795
454.04304189731795,4.853567123413086,0.6544921689655455
454.14749550503456,3.725572204589844,0.3472294153017324
454.2522225203881,4.178734207153321,0.21837010844833152
454.3567242488445,4.619716262817383,0.17261454363854767
454.46149951089455,4.857115173339844,0.16243257026893565
454.5660493822605,4.584276962280273,0.15684166948523323
454.6706233046945,4.9128868103027346,0.16269811133069992
454.77547094969094,4.562381744384766,0.15797294716150317
454.88009304829546,4.603311920166016,0.15795266654214646
454.9849889955643,4.761848068237305,0.15799605062272695
455.0896592925349,4.863232803344727,0.15927122059495033
455.1946035643299,4.7551414489746096,0.15858590742862225
455.29932208187256,4.675902938842774,0.1595512298771572
455.40406468928114,4.578652954101563,0.1569726152088363
455.5090814607879,4.727184295654297,0.1568420259344396
455.613872322083,4.465673065185547,0.15290585633787632
455.71893747378164,4.57568244934082,0.155000826433205
455.8237766111944,4.796851348876953,0.15954303569171469
455.9288901653742,4.976678848266602,0.16223163933446272
456.0337776011464,4.942512512207031,0.16237849377934027
456.13868916564553,4.8496547698974615,0.1635941195908019
456.24387533649076,4.612761688232422,0.1593236126810342
456.3488352327175,4.536268997192383,0.15624991670854183
456.4540698617996,4.6550029754638675,0.1584415623248632
456.55907811202115,4.686074447631836,0.15639122742342387
456.66436122166533,4.696824645996094,0.15605661080787647
456.7694178481594,4.447455596923828,0.15232300436102536
456.8744986423038,4.4614604949951175,0.1518458471235077
456.97985448575565,4.705007934570313,0.15401954428116751
457.08498368959465,4.715720367431641,0.15498086464650132
457.190388069454,4.601348876953125,0.15405779433427336
457.29556570529047,4.583954238891602,0.15475453546797568
457.401018643919,4.68072624206543,0.1556591013803412
457.5062447340664,4.541949844360352,0.15452706706180397
457.6114950308505,4.738211441040039,0.15688497860067943
457.7170208206179,4.718085861206055,0.15641671732240187
457.82231960518914,4.342068099975586,0.1506623434954136
457.92789400966114,4.802572631835938,0.15548966840716227
458.0332413043583,4.446057891845704,0.15142207958067044
458.13886434593235,4.605902099609375,0.15488872327148548
458.2442601731051,4.642662048339844,0.15770142611843307
458.34968024596367,4.532299041748047,0.15530777393617476
458.4553762561969,4.533369445800782,0.15327391056828293
458.56084489506094,4.590984725952149,0.15423313484133777
458.66658959842215,4.539672470092774,0.15442344467432775
458.77210682566675,5.039558410644531,0.16178775659435177
458.87790024458957,4.555085372924805,0.15796279119206924
458.9834660826003,4.501214981079102,0.15591099155811342
459.0890562054089,4.394428253173828,0.15232168776972327
459.19492271070095,4.610469436645508,0.15334530250756276
459.3005614778598,4.850749206542969,0.15911923434659103
459.40647675482944,4.634416198730469,0.1585011137931594
459.51216418874975,4.64360237121582,0.15851421677043154
459.6181282598665,4.439595031738281,0.15484104349361794
459.7238643829698,4.546532058715821,0.1538778488920857
459.8296248300461,4.629253387451172,0.15342391346104978
459.9356621054324,4.507352447509766,0.15370630786310302
460.04147127532985,4.670166015625,0.15634538154728994
460.1475574010701,4.762024307250977,0.15609539028374073
460.2534153162363,4.535713577270508,0.1555335936310205
460.35955031483655,4.496350860595704,0.15714239116433193
460.4654569977291,4.670060729980469,0.1597819589676395
460.5713880438331,4.549579620361328,0.15872368168189693
460.6775963647926,4.387792205810547,0.1544181057945926
460.78357621231544,4.4011890411376955,0.15383419915026147
460.8898334624323,4.614672088623047,0.15885896603188113
460.99586213385766,4.52514991760254,0.16202118408066665
461.1021683356741,4.598833465576172,0.16208953564398765
461.2082458534957,4.652828979492187,0.15830760078121991
461.3143477738307,4.222517776489258,0.1539731465584966
461.4207274162871,4.819270706176758,0.16025986021622857
461.52687821676517,4.627373123168946,0.16039491433433198
461.6333068673092,4.556552505493165,0.16091667418495592
461.7395065704503,4.494606018066406,0.16027848416885657
461.845984251661,4.788338088989258,0.16434900133775496
461.9522328799955,4.6453125,0.16222904986499906
462.05875961446174,4.631827926635743,0.1590027787402395
462.16505719053004,4.219890213012696,0.1542749638620213
462.2713792197375,4.601401138305664,0.16198970728379497
462.3779795472048,4.717508697509766,0.16901128145198896
462.4843505579629,4.51324462890625,0.1697787845067677
462.59099999519077,4.359288787841797,0.1704473567847745
462.69742001006625,4.309862518310547,0.1716504487919517
462.80411857968056,4.53039665222168,0.17472627520626127
462.9105876212501,4.668731689453125,0.17579465523351628
463.0170811554058,4.576822280883789,0.17688627386747646
463.12385343673793,4.628896713256836,0.17887213300561375
463.2303960314592,4.359474563598633,0.16966967881472617
463.3372175017739,4.560163497924805,0.16867868967922267
463.44380917966373,4.622396087646485,0.1643834955122711
463.55067986162305,4.575819778442383,0.16485791556878804
463.65732064529493,4.660067749023438,0.163963826328914
463.7639859610628,4.415477752685547,0.16083864630367634
463.8709304736487,4.421283340454102,0.16257271679913743
463.97764492912495,4.554477310180665,0.16057779745762582
464.0846387100429,4.202156829833984,0.15481819052941256
464.1914023278664,4.539448928833008,0.15863673951955284
464.29844539981485,4.500683975219727,0.16083624075957814
464.40525820263576,4.569967269897461,0.16121264707657704
464.512095577127,4.226815032958984,0.15505457516544105
464.61921259880245,4.333060836791993,0.15620450164446173
464.7260991922718,4.457974243164062,0.1636131995095006
464.8332655617567,4.805571365356446,0.16984995929033
464.94020139688,4.528960037231445,0.16120903854345073
465.0474171369098,4.461849594116211,0.15630745687220987
465.1544022363735,4.600616455078125,0.16036263661789796
465.2614119471456,4.585963439941406,0.16225488648866132
465.3687017561947,4.601286315917969,0.1599219565522815
465.4757607653428,4.378063583374024,0.15448679626770384
465.5831000018071,4.202473449707031,0.15476193087323578
465.69020833204365,4.354438018798828,0.15873807965368675
465.79759701869506,4.542815780639649,0.16137435548781598
465.90475469274304,4.584723663330078,0.16021471978847815
466.0119370178013,4.47955665588379,0.15735650688842398
466.11939989295706,4.503166961669922,0.1576126863794305
466.2266315959172,4.365504837036133,0.15654943056029746
466.3341439782224,4.388238143920899,0.1553965611748854
466.4414250818336,4.309148788452148,0.15394751682674895
466.54898699409677,4.562144851684571,0.1583172794119335
466.6563175211187,4.6804359436035154,0.15933606475747814
466.7636727389166,4.410870361328125,0.15652732727768576
466.8713089593618,4.376750946044922,0.15489390622316213
466.978713634716,4.359075164794922,0.15420836413238695
467.0863994421732,4.286216735839844,0.1568326038441693
467.1938535978696,4.4667236328125,0.16133670182022442
467.3015890151843,4.455950546264648,0.16329635731305536
467.4090926740188,4.275693130493164,0.15954520212609502
467.5166210634596,4.5642444610595705,0.16030689267686304
467.6244309088268,4.3844043731689455,0.1585772609084041
467.7320088356064,4.5966945648193365,0.1627024690060243
467.83986834797736,4.8394313812255865,0.16595606101968577
467.94749583491847,4.557969284057617,0.16154297111438576
468.0554050371754,4.326295471191407,0.15663032134945595
468.1630821071112,4.534191131591797,0.15993386670881682
468.27078394754733,4.38306884765625,0.16267476297997563
468.37876769792064,4.614348220825195,0.1659453894925621
468.4865191556072,4.190729141235352,0.1575945213063147
468.5945526531048,4.704838562011719,0.16199054338657654
468.70235375090095,4.405393218994141,0.15757821076033027
468.8104370184421,4.337726211547852,0.15615904104155834
468.9182877792179,4.375096130371094,0.15759411887581667
469.026163350453,4.355540466308594,0.15774759238854374
469.13432128636816,4.188128662109375,0.1573763321906747
469.24224655489377,4.416570663452148,0.16222462833031637
469.3504543181831,4.289114761352539,0.16718687658058937
469.4584293068956,4.240474700927734,0.17017776074582458
469.56668692051505,4.532927703857422,0.17435922063894713
469.6747116523214,4.238037109375,0.16835694138796367
469.7827612346097,4.272584915161133,0.1693415788529093
469.89109363705495,4.461463165283203,0.16797403845014613
469.9991929968035,4.161824417114258,0.15689399577859886
470.1075753070019,4.160271072387696,0.15734662026600704
470.2157244671436,4.1681762695312505,0.1615248511619578
470.3241567080887,4.245829010009766,0.1632771609929568
470.4323556915674,4.133156967163086,0.15905443858938775
470.54083788626275,4.349750518798828,0.16190435994272925
470.6490867160327,4.4344116210937505,0.1655505308328836
470.75736044784014,4.542512130737305,0.1681481970600081
470.865917586519,4.325865936279297,0.16332705045508047
470.9742411990552,4.260018539428711,0.1648026418444141
471.0828483490268,4.08276710510254,0.16920829350126104
471.19122186527255,4.487467575073242,0.18341199961391305
471.2998790495773,4.312265396118164,0.17758640001973292
471.4083024925244,4.425777816772461,0.1723418413838614
471.5167508776798,4.331612777709961,0.16954654687835424
471.62548312686414,4.331544494628907,0.16704489114316523
471.7339814732137,4.125609588623047,0.16545443913402316
471.84276381436655,4.369221115112305,0.16761926064210075
471.951312144928,4.298795700073242,0.1666918768718204
472.06014460112755,4.322123718261719,0.16871433719834975
472.1687429389294,4.31717643737793,0.17188327156417152
472.2773662591752,4.199614715576172,0.1691795181594789
472.3862739013456,4.306774520874024,0.16638649829972027
472.4949472633807,4.345492935180665,0.16877602793036584
472.60390507832534,4.293803024291992,0.16894836956558917
472.7126285052048,4.375152206420899,0.1678944040422283
472.82163651603923,4.07640495300293,0.16809495552899228
472.93041003082845,4.178265762329102,0.16453152477670785
473.039208568362,4.295228576660157,0.17164022302289178
473.148291886454,4.098382186889649,0.16913144046704884
473.2571405465018,4.168031692504883,0.17052935108591982
473.3662741183045,4.486182022094726,0.17285026266719866
473.4751729239589,4.528948974609375,0.17310810280255753
473.58435677262514,4.110381698608399,0.1717892688282181
473.69330574698887,4.129434585571289,0.1760986950281288
473.80227978446237,4.342721939086914,0.17851187507318458
473.9115390618681,4.449736022949219,0.17386659001079108
474.02056330271137,4.289567184448242,0.17273060838893384
474.12987291489463,4.623650741577149,0.17647468246346995
474.238947382237,4.487749481201172,0.17979639349389204
474.34830735238813,4.196192932128906,0.19818334303259513
474.4574320693695,4.3505809783935545,0.19771798720900316
474.5665818898913,4.338690948486328,0.1966873266208298
474.6760174104602,4.172963333129883,0.19290163821078266
474.7852175153374,4.232100296020508,0.19438275274554995
474.89470345188164,4.4966278076171875,0.19291820869635767
475.0039538642808,4.482147979736328,0.17616637253684853
475.11349024002766,4.2241363525390625,0.1929741455500303
475.2227909831266,4.26463508605957,0.18854836272460973
475.33211687026153,4.4218288421630865,0.16993805555108385
475.44172891830056,4.3609870910644535,0.1696068651771198
475.55110517090725,4.343722534179688,0.16947137904244788
475.6607677162504,4.433737182617188,0.16933943697654746
475.7701943575327,4.334579849243164,0.16706503053982294
475.8799074234447,4.152355194091797,0.16484850917083949
475.9893844766178,4.344949340820313,0.1669581367868107
476.0988867143883,4.589480209350586,0.1692745390536736
476.2086755746633,4.2790874481201175,0.17036824380864035
476.3182282591526,4.504319381713867,0.17457364624445312
476.42806769819134,4.531369781494141,0.17922198684583412
476.53767085264116,4.415255355834961,0.1712727990321241
476.64756089374623,4.185044860839844,0.16544619216965262
476.75721454140864,4.208085250854492,0.16501404695869443
476.8668934142949,4.312503814697266,0.1649086470725243
476.9768593720307,4.4271697998046875,0.16727140075003133
477.08658877301434,4.368705368041993,0.16705518570947098
477.1966053911052,4.220631408691406,0.16720501244696118
477.30638534346474,4.693916702270508,0.1907791332330422
477.41645264525084,4.766471481323243,0.1932842843597503
477.5262831722762,4.761057662963867,0.17896390537525575
477.6361389652178,4.820341491699219,0.17358934652395772
477.7462823060996,4.41424674987793,0.16449695724889024
477.85618870864784,4.75706787109375,0.16765492169521726
477.9663827916076,4.850859069824219,0.18927509116762378
478.07633982707887,4.755580139160156,0.1835101873176272
478.1865846754944,4.771373748779297,0.16246381396575582
478.296592367216,4.719543075561524,0.17029182373832064
478.4066253656116,4.603861618041992,0.17015882391173875
478.5169463757853,4.744158554077148,0.17241685514177713
478.6270300654286,4.74085807800293,0.17236623987536745
478.73740189953503,4.498737335205078,0.16602817329166988
478.8475363037798,4.757963562011719,0.1565552337234356
478.9579589852341,4.842713165283204,0.15865302396988015
479.06814412744563,4.946022415161133,0.17296047352593857
479.1786176796739,5.228650283813477,0.2150161302677474
479.2888535832276,4.840686798095703,0.2813010834339965
479.3991148459568,4.829281997680664,0.27672108560968156
479.50966471794925,5.182197189331055,0.2139970516350314
479.6199767770905,5.059963607788086,0.1967107784892156
479.73057757845527,4.942128372192383,0.2350721981262867
479.84094045741085,5.180318832397461,0.25616892956314324
479.951592211612,5.248134994506836,0.213776740280775
480.0620059337957,5.211262512207032,0.17232407927023116
480.1724450560629,5.601308822631836,0.16713404181937375
480.28317325314356,5.383746719360352,0.1637958073010326
480.39366325376506,5.228165435791016,0.16070170849563767
480.50444246237464,5.3161254882812505,0.15988886102333
480.6149833647908,5.387186431884766,0.15896707179049438
480.72581360843134,5.420509338378906,0.16060776677486438
480.83640543609334,5.471334075927735,0.16063602958104906
480.9470227048129,5.6120655059814455,0.16097796119022934
481.0579295146469,5.781731414794923,0.1615845475682584
481.1685977437951,5.798976135253906,0.16217146463374923
481.27955564744764,5.723173141479492,0.1662062353609883
481.3902748605027,5.706369400024414,0.17257426073183302
481.5012838815131,6.021828079223633,0.17401428446714776
481.6120541019642,6.321035766601563,0.1706950663464332
481.7228498045132,6.258806991577149,0.16829155382423167
481.83393551522977,6.422614288330078,0.1733204149278561
481.9447822604144,6.957083129882813,0.17813422392392783
482.0559191473711,7.208625793457031,0.18184937305828786
482.1668169587075,7.2377670288085945,0.1826495250513918
482.2780050454824,7.50328369140625,0.1851843275510745
482.38895394649705,7.553525543212891,0.1847035417029577
482.499928370716,7.267862701416016,0.17783809847271784
482.6111932709092,7.4131622314453125,0.1798358828836131
482.7222188201032,7.279022216796875,0.18162684196008963
482.83353497909184,7.550055694580078,0.1868188507100033
482.94461167681476,7.410578918457031,0.181389213911407
483.0559791182142,7.579437255859375,0.17907964767820575
483.1671069880311,7.603069305419922,0.17762829225486962
483.2782604222249,7.477600860595704,0.17592670996481402
483.38970480095423,7.435143280029298,0.17420781858127157
483.50090944259534,7.247869873046875,0.1715164456616607
483.61240516280816,7.079304504394532,0.17058079818207908
483.7236610354886,7.023216247558594,0.168846343009311
483.8352081208385,6.835090637207031,0.16882444121912502
483.9465152481609,6.7226409912109375,0.16895071940909884
484.0578479810994,6.794425964355469,0.16869438239086143
484.16947212789063,6.909836578369141,0.1694088722427829
484.28085615088196,6.652271270751953,0.17041372638973923
484.39253172197795,7.0638778686523445,0.17338545872449407
484.5039670586517,6.700432586669923,0.17144869054693004
484.61569407774476,6.819305419921875,0.1705868116368619
484.7271807517419,6.825174713134766,0.16887182693673392
484.83869307266104,6.547053527832031,0.1630246980747306
484.9504972775068,6.422672271728516,0.1581556068543034
485.062060971217,6.385185623168946,0.15797654245643233
485.17391668332294,6.355296325683594,0.15855530332194415
485.2855317734922,6.480252075195313,0.16115708505658904
485.39743901658824,6.315888214111329,0.15838965044054878
485.50910552689584,6.366691207885743,0.15665130545020883
485.6207977254976,6.282578277587891,0.15599180119409062
485.7327822788585,6.409877014160156,0.15972986656465848
485.84452593312346,6.335256576538086,0.16143957775828152
485.95656207683334,6.519034576416016,0.16314484599424717
486.06835721046764,6.59690170288086,0.15989463541984839
486.1804449682948,6.471316528320313,0.15834332652201932
486.29229160501563,6.147253036499023,0.1565640797860122
486.40416397146964,6.047464370727539,0.1580744911105392
486.5163291642746,6.212815093994141,0.15858449298697877
486.6282530693976,5.89071159362793,0.15441976830517018
486.7404699357745,5.752420043945313,0.15244748675216988
486.8524454033104,5.8590232849121096,0.15234264142175033
486.9647139670659,5.763250350952148,0.1503433981229049
487.0767410207706,5.901343154907227,0.15168992946855375
487.1887938457144,5.70244026184082,0.1482265716568492
487.30113996936205,5.66889762878418,0.1459073389982713
487.413244416114,5.472043991088867,0.14393104015606992
487.5256422966906,5.699178695678711,0.14732883642893155
487.63779838903383,5.839245986938477,0.1489302521273642
487.75024805038447,5.6473834991455085,0.14734444502011335
487.8624558121125,5.529614639282227,0.14603994437068668
487.97495727809337,5.419672012329102,0.1469843220419915
488.0872167330107,5.495892715454102,0.1470186827589792
488.1995020126327,5.51049919128418,0.14553943151674983
488.31208119941175,5.460923767089844,0.1438086830478316
488.42441820793636,5.67907829284668,0.14685929529387454
488.53704925901985,5.77905387878418,0.15087286376371445
488.6494380202797,5.343319702148438,0.1467387347957588
488.7621209595618,5.4235889434814455,0.14492846192542247
488.8745614974001,5.520129013061524,0.14318958632534912
488.98702790160195,5.335593032836915,0.1425368433963444
489.0997886870571,5.3789714813232425,0.14304023845014896
489.21230690360863,5.5898178100585945,0.14652648935399032
489.3251196370326,5.506896209716797,0.14472406370202837
489.437689689804,5.32047233581543,0.14104294351854105
489.5505543951302,5.501464462280274,0.14273643448280304
489.66317630800313,5.003800964355469,0.14119215531113674
489.7758241289657,5.575894546508789,0.14637172828127915
489.8887668060426,5.28129997253418,0.14112863889784266
490.00146652293563,5.309837341308594,0.1389256707306018
490.1144612317815,5.432272720336915,0.1407133895994174
490.22721286851385,5.429582595825195,0.1409962070972377
490.34025963309995,5.361458206176758,0.14014720316145324
490.45306321359203,5.342253875732422,0.1404318957557143
490.56589274396754,5.354439163208008,0.1413917784313926
490.6790176060842,5.353218460083008,0.14184668300594544
490.7918991161058,5.370064926147461,0.14098814658821204
490.90507609392625,5.36217384338379,0.1416538624742093
491.0180096075417,5.249237823486329,0.14177446566092414
491.13123872507623,5.125912094116211,0.14093135294374526
491.24422426624415,5.329833221435547,0.14513432539511392
491.35723579915657,5.450008773803711,0.14668147430702416
491.4705431402044,5.315062332153321,0.1442486350446552
491.5836067366137,5.241049957275391,0.141400127435979
491.6969662774357,5.085142135620117,0.13905986491051056
491.81008196132825,5.121733093261719,0.13834413448516344
491.9234937259733,5.026359176635743,0.13801420401040349
492.0366615213464,5.148273086547852,0.1390988138340438
492.14985535039267,5.265229034423829,0.13975877656052552
492.2633454647371,4.97469596862793,0.13555391744275277
492.37659144126627,5.003767013549805,0.13670592719110944
492.49013383959044,5.0345092773437505,0.13678411372483928
492.6034319876279,5.0282947540283205,0.13665675215193915
492.7170266940199,4.942168807983399,0.13746903133564412
492.8303770376013,5.082048797607422,0.13831402434908904
492.94375345685165,5.053262710571289,0.139171081826159
493.0574266393329,5.139218521118164,0.1397896205353518
493.17085529018794,4.975211334228516,0.1384863046408484
493.28458084099077,5.046262741088867,0.13993800540383503
493.3980617475143,4.992295837402344,0.13955052519638264
493.5118396907654,4.884738922119141,0.13708628940283146
493.6253728770322,4.700679397583008,0.1345534440915009
493.7389321810316,4.5243480682373045,0.13413144121894627
493.8527887269653,4.780708312988281,0.1332368415675591
493.9664003468268,4.7649375915527346,0.13361287362376248
494.08030934555984,4.660880661010743,0.13364112576156198
494.1939733053856,4.627746200561524,0.13326753615631262
494.3079347810837,4.760812759399414,0.1341092310475348
494.4216511049878,4.889861297607422,0.1346862218637557
494.53539358875616,4.837950515747071,0.1336854422491352
494.64943379393446,4.708863067626953,0.13271585373137415
494.76322867795795,4.913634109497071,0.13626508700919301
494.87732142054983,5.029638290405273,0.13829634765246945
494.99116872896974,5.070284271240235,0.13787158343470649
495.10531403317964,5.086643218994141,0.13721326311323362
495.21921379014873,5.105857086181641,0.13746569456632704
495.3331397491821,5.386045455932617,0.14142206430968227
495.44736390987435,5.488968658447266,0.143288339270931
495.561342353692,5.5450283050537115,0.14324386859853042
495.675619136548,5.7185710906982425,0.14496781033547254
495.78965008933045,5.577573013305664,0.14251283965555686
495.9039795185943,5.883888626098633,0.14583175686045244
496.01806300453273,5.453439712524414,0.1400028793269533
496.1324451044591,5.363244247436524,0.13837205342165224
496.2465811477565,5.162718963623047,0.13685874451265137
496.3607434474769,5.097596740722657,0.1364143561135398
496.47520456748146,5.025006103515626,0.1341815750768943
496.58941946087117,4.837648391723633,0.13127224776455876
496.70393331220964,4.787292098999024,0.13052889331755577
496.81820082349924,4.763021469116211,0.13008329138330993
496.9327674304656,4.655190658569336,0.12968613506814614
497.04708758389677,4.736717987060547,0.12970723356057573
497.16143403610647,4.7941432952880865,0.12959767261787067
497.27607979062185,4.5792381286621096,0.12533904429940398
497.39047892134215,4.6284435272216795,0.1262117597078048
497.5051774922548,4.825884246826172,0.12946285704893878
497.6196293257552,4.7939002990722654,0.12979144391269043
497.73438073739834,4.687597274780273,0.13012999865011476
497.8488852979598,4.75583610534668,0.1317068694877335
497.96341619972355,4.6621440887451175,0.13110796501576186
498.0782468865922,4.572821044921875,0.12989994269268504
498.1928305518447,4.63006706237793,0.12919492674636449
498.3077141403111,4.647533416748047,0.1283979166077781
498.422350593361,4.611300277709961,0.12743733196684312
498.5372871077977,4.5454967498779295,0.1262177638128939
498.65197637296495,4.491641235351563,0.12582722182889855
498.76669202182666,4.752346801757812,0.12947338619254084
498.8817079393713,4.59839096069336,0.1271460841341997
498.9964764368368,4.678452682495117,0.12778820806626176
499.11154534131737,4.593104553222656,0.12785228733576606
499.22636671173467,4.78058090209961,0.130729255097421
499.34148862756285,4.763835906982422,0.13270633146566316
499.456362895291,4.918824768066407,0.13600203646084005
499.5712635892746,5.107998275756836,0.13914019581630133
499.6864650362994,5.1368354797363285,0.13943173962210617
499.80141866413925,5.24619140625,0.14176968877640062
499.9166731835755,5.56029396057129,0.14777070861254255
500.031679769659,5.797834777832032,0.1530573126783784
500.14698738595763,5.778542709350586,0.15352277467881445
500.26204695468306,6.38585090637207,0.15868223787882893
500.37713299229307,6.743603515625001,0.16484403685657498
500.4925202680838,7.201252746582032,0.17338359465385422
500.6076593249401,7.64353256225586,0.18070908797457025
500.72309975875567,7.709027099609376,0.18468060725164676
500.8382918592849,7.270640563964844,0.17568994610117708
500.95378547561614,6.348722076416016,0.18757570660417602
501.069030644256,5.865558624267578,0.17831942894646624
501.18430232447844,5.412017059326172,0.1692291173245708
501.29987572880384,4.997679138183594,0.14350268390215803
501.4152005138006,4.923298645019532,0.14293815012363956
501.5308271619024,4.957905578613282,0.14194909555292365
501.6462050761389,4.9105976104736335,0.13890344528316603
501.7618849925473,4.550119781494141,0.13369104633137294
501.87731606050113,4.4009651184082035,0.13000244719441503
501.9927736828046,4.618400955200196,0.13627693478219588
502.108533515917,4.564754486083984,0.137947540010863
502.2240443286602,4.295307540893555,0.13402958382281946
502.33985749143886,4.173713302612305,0.13132256970379458
502.45542151912707,4.180756378173828,0.130384402097086
502.57128803614194,4.246125411987305,0.13242128097664763
502.68690530329206,4.062968063354492,0.14833429156628705
502.8025491676279,4.0779296875,0.14845575458547208
502.91849573026377,4.203976821899414,0.14922261484925112
503.03419287084296,4.2153778076171875,0.1269581410704587
503.15019284917355,4.161650466918945,0.1269500794590321
503.2659432905415,4.092670059204102,0.1273844131847593
503.3819967091761,4.182490921020508,0.12803006684060766
503.49780047588877,4.125365447998047,0.12579883431737657
503.6136308826922,4.0118408203125,0.12445441084903766
503.72976447607306,4.111531066894531,0.12587514372998168
503.84564824506214,4.155337524414063,0.12663187653724461
503.96183534030513,4.172093963623047,0.12649876719141262
504.0777724960646,3.967712783813477,0.1256060204128485
504.1940131178184,4.011210632324219,0.1267795362887515
504.31000368494426,4.121039199829101,0.12947159450455276
504.4260209351349,4.059650039672852,0.12868064072924543
504.54234186096835,3.973488235473633,0.12610361100010986
504.658412559426,4.053098297119141,0.12547879553194863
504.77478707342755,4.041876220703125,0.12613888000777368
504.8909112447759,3.8403171539306644,0.12510761483417226
505.00733937163443,3.9235584259033205,0.1261304531727567
505.1235170405092,4.05821647644043,0.12649181813752686
505.23999880492454,3.7943687438964844,0.12232799023466459
505.3562299959726,3.9531593322753906,0.12494520583028515
505.4724879254426,4.07840576171875,0.12752753507953601
505.5890501605363,3.9049182891845704,0.1275852557687996
505.7053616491564,3.9922767639160157,0.1294178073682708
505.82197758359223,4.0352630615234375,0.12806181975651704
505.9383426560382,4.098253631591797,0.12521339455630792
506.055012314556,4.076335525512696,0.12204871045716881
506.17143099551413,3.763794326782227,0.11900305207595117
506.28787645802686,3.7983856201171875,0.11987903028925447
506.4046267170337,3.9344303131103517,0.12026285128526933
506.52112582509534,3.744766998291016,0.11712792370282935
506.6379298700689,3.7221710205078127,0.11494687277119252
506.7544826483947,3.7161167144775393,0.1155113345665732
506.87134050411504,3.7938831329345706,0.11742984618876554
506.98794697743114,4.026849746704102,0.12173704366060434
507.1045802755044,3.7178115844726562,0.11913200443918744
507.2215188617339,4.15009765625,0.12711058192657518
507.3382058918939,3.8922080993652344,0.1294064392740797
507.4551983508548,3.9819446563720704,0.13561418135793055
507.5719391378567,3.8176162719726565,0.13135164923032938
507.68898549436847,3.8253929138183596,0.12398318829887228
507.80578006297856,3.7413421630859376,0.11938950825144463
507.9226014996178,3.651061248779297,0.11835538604418948
508.0397287168688,3.658909606933594,0.1186218168720664
508.1566039722725,3.7315681457519534,0.11732734160120746
508.273785149159,3.845196151733399,0.11592306328133054
508.390714248122,3.864425277709961,0.11493826475023623
508.5079494095041,3.9248516082763674,0.11556848993366005
508.6249323768328,3.999787521362305,0.11480128587294491
508.7419422555325,3.848893737792969,0.11135893715035389
508.8592584080936,3.922854232788086,0.11181531601544514
508.97632219237505,3.8594863891601565,0.11051479356134025
509.0936923916164,3.7395881652832035,0.11611172386160412
509.2108101063145,3.855733871459961,0.12758748402668527
509.32823437713614,3.920499801635742,0.12976327743139757
509.4454060470972,3.6951797485351565,0.11857189512045946
509.5626046718413,3.9549682617187503,0.11573677006772097
509.68011006449206,4.049008560180664,0.11608985451292356
509.7973626817754,3.8192546844482425,0.11466741060876391
509.91492220829133,3.7730815887451175,0.1133141513393855
510.03222884298873,3.8039611816406254,0.11142288573226339
510.1498425283101,3.715414428710938,0.10881017049387942
510.26720320530796,3.622785186767578,0.10738597634421668
510.3845908805708,3.7731475830078125,0.10863184549328514
510.5022858185824,3.6782875061035156,0.10566993039942554
510.61972757348184,3.9519325256347657,0.1103573145218862
510.7374767326845,3.8895748138427737,0.11247816547600978
510.8549725921359,3.7718555450439455,0.11330451768130956
510.9727759975097,3.931182861328125,0.11493014728483869
511.09032598643944,3.99276237487793,0.11290640742813288
511.20790301718625,3.7128555297851564,0.1076830773486611
511.3257878063224,3.81621208190918,0.10766436046422212
511.4434190039443,3.7654258728027346,0.11069631904864763
511.56135810173765,3.735542678833008,0.11453250261530244
511.67904349118953,3.8092884063720707,0.11696359114028959
511.7970369226611,3.8005409240722656,0.11542497201015055
511.9147765289097,3.7993877410888675,0.11089527198248819
512.0325432205979,3.701974105834961,0.10643965543495804
512.1506181671153,3.8001380920410157,0.10726084169057587
512.2684391130571,3.8079681396484375,0.10910604750423752
512.3865684558396,3.875723266601563,0.11671559302088891
512.5044436810307,3.983264923095703,0.13391613270728012
512.622627445139,4.033372497558594,0.18188443855415803
512.7405569745863,3.8052730560302734,0.22182086197005663
512.8585136331657,3.867086791992188,0.1740391803348706
512.9767790438152,3.851571273803711,0.12910466876327456
513.094790044168,3.911871719360352,0.12478236802491881
513.2131099388316,3.8473613739013675,0.1269824144501089
513.3311753059936,3.8151981353759767,0.12475487263861673
513.4495497097723,3.842500686645508,0.11578961553987599
513.5676694687913,3.815155410766602,0.10807048927590457
513.6858164007053,3.8059986114501956,0.10633081739820101
513.8042725827328,3.8661052703857424,0.1072294260611566
513.9224739440813,3.8871990203857423,0.10695475450270159
514.0409846980128,3.7403537750244142,0.10540598978866221
514.1592405138722,3.738081741333008,0.10478850927926353
514.2778058648498,3.7892627716064453,0.10922437540602402
514.3961161603077,3.8081367492675784,0.11324214050852432
514.5147361334847,3.769421005249024,0.111297580135668
514.6331009336402,3.7799156188964846,0.10945715270004791
514.7514929630636,3.662366485595703,0.10532602695401268
514.8701948841464,3.745461654663086,0.10784294537573685
514.9886414559231,3.8771831512451174,0.11512278233205205
515.1073980621247,3.801389694213867,0.12364496082689896
515.2258992013834,3.7838531494140626,0.1250684807366443
515.3447105178981,3.700115203857422,0.1153656313453859
515.4632662497781,3.6595550537109376,0.10803364454445859
515.5818492548509,3.8149009704589845,0.10689295984283934
515.7007426514643,3.816518783569336,0.10671225070273145
515.8193802868751,3.776912307739258,0.1062742143245552
515.938328456822,3.770780563354492,0.10619801421973307
516.0570207477397,3.869728469848633,0.10880972897042623
516.176023716255,3.8780986785888674,0.1099699201211713
516.2947706878598,3.7261192321777346,0.108062669778976
516.4135449766525,3.6724258422851563,0.10900629556159856
516.5326301576737,3.799029541015625,0.11253831952362128
516.6514591649308,3.827838134765625,0.11337192242363502
516.7705992076427,3.586801528930664,0.10869293731149324
516.8894829585737,3.6329471588134767,0.10582369509372398
517.0086778882517,3.515074920654297,0.10604370548815499
517.1276164080775,3.709778213500977,0.11321122188097038
517.2465822891579,3.725510406494141,0.11917546854225183
517.3658595639617,3.6292922973632815,0.11648551239437238
517.484880251775,3.704621505737305,0.11048597054492702
517.6042124767694,3.5974876403808596,0.10941894219762288
517.7232879965657,3.741683578491211,0.12204086033930908
517.8426751970667,3.819078063964844,0.13785618386656848
517.9618055741078,3.461027145385742,0.13265123732142214
518.080963356541,3.4392570495605472,0.11646530495217688
518.2004330350021,3.513508224487305,0.10510255088674043
518.319645712579,3.6441570281982423,0.10553728691591724
518.439170429873,3.7595432281494143,0.10859415666147842
518.5584380278849,3.637782669067383,0.10674200682894781
518.6780178093684,3.591495132446289,0.10597423471920075
518.7973403531174,3.763806915283203,0.10754680637432495
518.9166903464671,3.672681427001953,0.10768912493995145
519.0363527389594,3.697222900390625,0.10970869241026167
519.1557577160067,3.6120986938476562,0.10803759790814366
519.2754752361172,3.5362136840820315,0.1060350776801712
519.3949352221938,3.690803909301758,0.10716610898981985
519.5147078953202,3.6973419189453125,0.1097897067076107
519.6342229157688,3.6023303985595705,0.11232671667883401
519.7537654300984,3.7469657897949222,0.11273304876743256
519.8736208474968,3.7916038513183596,0.11031026833475513
519.9932184342204,3.773620986938477,0.10808087276069225
520.1131290681652,3.8229621887207035,0.11017998410969931
520.232781752655,3.702775573730469,0.10886165055949365
520.3527476285856,3.8261600494384767,0.10902533497769605
520.4724554362258,3.7734180450439454,0.1067291673030685
520.5921907820982,3.67912712097168,0.10496551183658989
520.7122395357788,3.7163421630859377,0.10593498861779385
520.8320300428849,3.629567337036133,0.10564504976078193
520.9521341021839,3.529047775268555,0.10455868565108616
521.0719797959367,3.540180587768555,0.10493995434760289
521.1921391863345,3.5859695434570313,0.10614252805841402
521.3120400921589,3.68779411315918,0.10677093901226711
521.4319685806388,3.7092323303222656,0.10615581298969406
521.5522109824797,3.7148468017578127,0.1051052533367079
521.6721947211759,3.7830078125,0.10501911637198105
521.7924925178512,3.6646884918212894,0.10575701026469486
521.9125315322177,3.6889610290527344,0.10830772547793968
522.0328847492484,3.779142761230469,0.10815768301988962
522.1529790647514,3.9085365295410157,0.10798454178096871
522.2731010074045,3.7608711242675783,0.10525356003553506
522.3935373697877,3.738302230834961,0.1074473809187741
522.5137146517833,3.7289165496826175,0.1087427641479148
522.6342064983603,3.589188385009766,0.1045742542167347
522.7544391451938,3.6988956451416017,0.10285749254766466
522.8749865015268,3.5535339355468754,0.1005746799476603
522.9952745387052,3.7010826110839847,0.10249492864064123
523.1155902476,3.714899826049805,0.10286778439079965
523.2362208834107,3.730810928344727,0.1030088628465477
523.3565920209181,3.690422821044922,0.10229109876948657
523.4772782304265,3.6038745880126957,0.1012352720577143
523.5977048220827,3.6490310668945316,0.10240010880017342
523.718446630892,3.7401920318603517,0.10384071172150544
523.8389287022459,3.7516712188720707,0.10567380222300427
523.9597261359713,3.7396018981933596,0.10614495511777143
524.0802637125823,3.8619022369384766,0.10449972516968487
524.2008290183176,3.807472610473633,0.10363919257680956
524.3217099042913,3.831074142456055,0.10357546087077958
524.4423307536309,3.7946720123291016,0.10404917801786556
524.5632673285951,3.5686874389648438,0.10091185775665444
524.6839437471283,3.831688690185547,0.10396831557930229
524.8049360367394,3.6711948394775393,0.10276949108000225
524.9256680500678,3.7331615447998048,0.10465234837610667
525.046427837251,3.7125869750976563,0.10443841988277072
525.1675037137304,3.737283706665039,0.10424190357429677
525.2883191341175,3.7063163757324222,0.10392849862480953
525.4094507894217,3.680580520629883,0.10348535760166831
525.5303218686433,3.649237442016602,0.10235699990025943
525.65150932847,3.6592899322509767,0.10217512373670222
525.7724360921686,3.7900009155273438,0.10405677264081226
525.8933906745253,3.8261096954345706,0.10784516200679253
526.0146618560574,3.751504135131836,0.11262047449892493
526.1356721613622,3.769235992431641,0.11456850531499348
526.2569992116979,3.689339065551758,0.11186622585764153
526.3780652656226,3.617199325561524,0.10960731132274862
526.499448210501,3.8128501892089846,0.11388505248470662
526.6205700387296,3.6557804107666017,0.112465813861628
526.7417197304916,3.5651538848876956,0.10534402772240076
526.8631865321303,3.7132366180419925,0.10891576043515497
526.9843920367291,3.595748519897461,0.10645335785374843
527.1059147972956,3.781504821777344,0.11045130264470669
527.2271761404444,3.7241436004638673,0.11045702949640153
527.3487548857191,3.7373264312744143,0.11045117414212424
527.4700720931437,3.8411735534667972,0.11106921109153019
527.5914172090495,3.779510498046875,0.11042602839528548
527.7130799463571,3.704319763183594,0.10998243085942908
527.8344809651333,3.8173049926757816,0.10878901796297846
527.9561997516381,3.7977928161621097,0.1057263301391708
528.0776566990397,3.7489326477050784,0.10433321059367605
528.1994315605639,3.876474761962891,0.10507090518044171
528.3209444623583,3.786837387084961,0.10436365558703559
528.4424853176537,3.686894989013672,0.10346788012685906
528.5643443067016,3.6182289123535156,0.1027162978810404
528.6859411550467,3.5403247833251954,0.10566279273039897
528.8078562837067,3.8465347290039062,0.11932974834656591
528.929509150898,3.774765777587891,0.12196286950864779
529.0514804450341,3.764155197143555,0.11454242606233388
529.1731893568801,3.943790054321289,0.10939622315815606
529.29492626732,3.714469146728516,0.10837632853354245
529.4169818246891,3.809622955322266,0.10917168903173446
529.5387748185033,3.812289810180664,0.10825999518685432
529.6608866060454,3.6489959716796876,0.10636306688660968
529.7827357090717,3.6668670654296878,0.10695605260314545
529.904903752693,3.640538787841797,0.10706133402056853
530.0268089907815,3.6145092010498048,0.10600676427521867
530.1487422726299,3.6656719207763673,0.10561730036586177
530.2709947154123,3.6424034118652346,0.10512352542896038
530.3929841711049,3.608378601074219,0.10458040314282585
530.5152929347673,3.6586414337158204,0.10500388655671074
530.6373385901842,3.6728225708007813,0.10548612452767743
530.7597037006742,3.644144439697266,0.10623062887433976
530.881805581707,3.6236515045166016,0.10769701625256059
531.0039355517379,3.781227493286133,0.10841347194971396
531.1263851975366,3.858089065551758,0.10862270034223437
531.248571432028,3.6335571289062503,0.10623209014826458
531.37107748956,3.8125713348388675,0.10937318682551896
531.4933200144334,3.7710105895996096,0.1313912046100691
531.6158825096884,3.7451038360595703,0.13662127743048322
531.7381813508772,3.488689804077149,0.11289306518350291
531.8605083263758,3.5345447540283206,0.10797672216514742
531.9831554933063,3.571710205078125,0.10510896997840563
532.1055388240277,3.7104404449462893,0.10593303294842982
532.2282424936917,3.6236125946044924,0.104849203703278
532.350682205599,3.5440311431884766,0.107349723840777
532.4734424040275,3.5117855072021484,0.10913326140481815
532.5959385230965,3.5431114196777345,0.10808643818595615
532.7184628218595,3.7099536895751957,0.10758864396100193
532.8413078285507,3.639369583129883,0.10411669480923907
532.963888573445,3.410353469848633,0.10115253156119904
533.0867901740163,3.484503555297852,0.10500788921994253
533.2094273910473,3.6324199676513675,0.11445224265724643
533.3323856115719,3.7056072235107425,0.12378905282771357
533.455079326757,3.6034263610839847,0.12214678297399915
533.5780941933201,3.513857650756836,0.11134983883772465
533.7008444326885,3.5466682434082033,0.10550267808307279
533.8236229102122,3.4795005798339846,0.10298599034201249
533.9467227609805,3.674365997314453,0.1069455305996153
534.0695578017381,3.587740707397461,0.10785894332247624
534.1927143637953,3.700982666015625,0.10886203119765353
534.3156059938464,3.4576423645019534,0.10439783338611891
534.4388192933197,3.4760864257812503,0.1059711880492395
534.5617675387352,3.4875652313232424,0.10883741712835189
534.6847440678581,3.5284656524658207,0.10782984649399352
534.8080424886278,3.500051879882813,0.10513972525894906
534.9310756722289,3.5475608825683596,0.10492034239015523
535.0544308957707,3.5280380249023438,0.10942049608653415
535.1775207599513,3.5187847137451174,0.11667503404445811
535.3009328124348,3.591659164428711,0.1193629518533399
535.4240793833081,3.5287292480468753,0.11151290905940575
535.5472542835141,3.6006088256835938,0.10527337338788466
535.6707515946063,3.822805404663086,0.1061157381156766
535.793983240682,3.5935707092285156,0.10374061721233972
535.9175374461768,3.4396892547607423,0.10144280021322563
536.0408258642657,3.56380729675293,0.104269609704981
536.1644369903747,3.6187088012695314,0.10535580217878995
536.2877822066321,3.6505725860595706,0.10516444806488785
536.4111557979212,3.499116134643555,0.10279221636970799
536.5348523201727,3.6399711608886722,0.10470656564248433
536.6582827488703,3.48629264831543,0.1026008614540529
536.782036257303,3.4401916503906254,0.10236125400210108
536.9055235495945,3.4874317169189455,0.10187522653393642
537.0293340704623,3.452818298339844,0.10039400537328996
537.1528782525456,3.471319961547852,0.09979057125648641
537.2764508554336,3.507014846801758,0.10305009396375325
537.4003469101992,3.4427688598632815,0.10731822638789512
537.5239764421823,3.4779495239257816,0.10996105894967217
537.6479295750553,3.5700775146484376,0.10763000276750863
537.7716160623612,3.5842987060546876,0.10361306651779378
537.8956262996384,3.6094863891601565,0.10178481095528231
538.0193697685067,3.6278755187988283,0.10138260740316025
538.1431417040262,3.427901840209961,0.09838991096226624
538.2672376131793,3.3686679840087894,0.09681727237942989
538.3910665696283,3.6332668304443363,0.09944528427031561
538.5152196489634,3.510334014892578,0.09835503196126301
538.6391056526119,3.438841247558594,0.09908885887198543
538.7633159284682,3.426095962524414,0.09966925686932367
538.8872590055983,3.515730667114258,0.09920030660474179
539.0112305953,3.4094402313232424,0.09798632560564441
539.1355266812326,3.396466827392578,0.1006733012039513
539.2595553838463,3.663080978393555,0.10733313695890223
539.3839087321845,3.3493919372558594,0.10153189799363027
539.5079945740226,3.430068588256836,0.09912073986486784
539.6324052111476,3.4159786224365236,0.09735769256180273
539.7565482185345,3.3345218658447267,0.09769934974128569
539.8807197844878,3.295561981201172,0.09819447918026236
540.0052163701125,3.382038497924805,0.09711092534177246
540.1294451411087,3.302483367919922,0.09458299996427041
540.2539990815108,3.362828826904297,0.09536790746357302
540.3782850839045,3.354100799560547,0.09757722056514052
540.5028964055082,3.3610103607177737,0.09810269950205784
540.6272396656666,3.486055374145508,0.09745376632092728
540.7516115304604,3.5056610107421875,0.09591653670633421
540.8763089392102,3.353200149536133,0.09399511577844058
541.0007381013262,3.280131530761719,0.09316449286464874
541.1254929573745,3.344979476928711,0.09403515629816016
541.2499794432102,3.324613952636719,0.09409786066610609
541.3747917730236,3.368068313598633,0.09566300777548095
541.4993356089883,3.3640666961669923,0.09525140436371692
541.6239080957318,3.3585884094238283,0.09430912961638842
541.7488066515614,3.268553924560547,0.09296496349346166
541.8734365280554,3.3042354583740234,0.0936206928103071
541.9983926238541,3.3393466949462893,0.09414505465531152
542.1230799165385,3.503027725219727,0.09606936925721504
542.2480935788153,3.303542709350586,0.09330712027244789
542.3728383141423,3.460113906860352,0.09552292835680821
542.4976117464657,3.353964233398438,0.09500363116369642
542.6227117738529,3.4566719055175783,0.09557717093998708
542.7475426885042,3.4456058502197267,0.09508808948607882
542.8727003486799,3.3451919555664062,0.09415906349665555
542.9975887721419,3.2361133575439456,0.09186708798420541
543.1228040916583,3.311127853393555,0.09252096056368342
543.2477500504257,3.454155731201172,0.09451459056494395
543.3730230558469,3.3928977966308596,0.09478675736576149
543.4980265764267,3.4074111938476563,0.09467108397698554
543.623058853537,3.3847053527832034,0.09380140318685881
543.7484184032409,3.3909698486328126,0.09348277913189877
543.8735082819312,3.484243774414063,0.09479580920127678
543.9989255839878,3.422663497924805,0.09467915165120339
544.1240730907958,3.479800033569336,0.09558287510459684
544.2495481718124,3.5191734313964846,0.09648102319681993
544.3747533332879,3.494581985473633,0.096335379811885
544.4999872976821,3.338198471069336,0.09303557994545143
544.6255490625886,3.333168411254883,0.09176942583000788
544.7508407214821,3.1419061660766605,0.08970490008205728
544.8764603319039,3.3096878051757814,0.09272592517206353
545.0018097118768,3.3166736602783207,0.09333645238616148
545.1274871944637,3.37109489440918,0.09496800241497186
545.2528943221089,3.3328636169433596,0.09542529403402739
545.3783302991357,3.2303085327148438,0.09492278231866667
545.5040946054453,3.276812744140625,0.09355260649573412
545.6295883700404,3.194186019897461,0.09042407055334221
545.7554106151779,3.2542457580566406,0.0912392150705956
545.8809621939645,3.2775466918945315,0.09231040004581786
546.0068424046231,3.251870346069336,0.09250290469769745
546.1324518242363,3.3199295043945316,0.0930190632745771
546.2580901397694,3.3049438476562503,0.09302592415853028
546.3840573142089,3.2394004821777345,0.09200215029778222
546.5097535105294,3.0938615798950195,0.08982742989986388
546.6357787172599,3.147363090515137,0.08973054582666394
546.7615328210337,3.2555416107177737,0.09132803142522516
546.887616086791,3.274386978149414,0.09204150903138275
547.0134281246968,3.274106979370117,0.09234873816921195
547.1392691051353,3.242675018310547,0.09262632548735342
547.2654394749582,3.338875961303711,0.09389647631638393
547.3913384295535,3.357379150390625,0.09498567130632081
547.5175669252811,3.306364059448242,0.0951554364831735
547.6435238807425,3.355948638916016,0.09480064332416396
547.769810529154,3.301645278930664,0.0928165659949658
547.8958255122028,3.43316764831543,0.09327572125616257
548.0218694844724,3.2093879699707033,0.09075268590330941
548.14824337746,3.209208679199219,0.0907630324410389
548.2743454174065,3.2191909790039066,0.09137264155989926
548.4007775300638,3.184671783447266,0.09274962336648014
548.5269376644395,3.188488578796387,0.09327774323383212
548.653428023589,3.269781875610352,0.09330633587892229
548.7796462791583,3.265271759033203,0.09405581568649829
548.9058935707122,3.328474807739258,0.09598590310564603
549.0324713151747,3.329946899414063,0.0950975149941124
549.1587767680763,3.3858360290527347,0.09440937761925729
549.2854128261246,3.271805572509766,0.09227967771960545
549.4117764671696,3.274054336547852,0.09179446797463671
549.5384708656693,3.124827003479004,0.0908909403505961
549.6648927216654,3.2368297576904297,0.09210885728436696
549.7913436604847,3.359811782836914,0.09337187669479581
549.9181255852617,3.2601497650146487,0.09313918944984304
550.0446347792508,3.2371139526367188,0.0934588552455362
550.1714751116815,3.315316390991211,0.09332050643058279
550.2980425876792,3.2070594787597657,0.09197549086778978
550.4249413546721,3.2204788208007815,0.09202378345495564
550.5515671395292,3.348173141479492,0.09350932376362939
550.6782220541243,3.2391357421875,0.09239358752489255
550.8052084885861,3.3184139251708986,0.0932291554333489
550.9319217523243,3.194534492492676,0.09162164209882179
551.0589666886592,3.228671646118164,0.0915510565576527
551.1857383284225,3.2747230529785156,0.09330327596490082
551.3128417935825,3.316792678833008,0.0934015807691448
551.4396718362653,3.1507158279418945,0.09163923717721495
551.5665310556763,3.010550689697266,0.0889355811278021
551.6937223297244,3.1844865798950197,0.09044690248412611
551.8206399924036,3.135754203796387,0.08982620297923566
551.947889862696,3.2470169067382812,0.09209996676087688
552.0748659955685,3.2403797149658207,0.0924137009782326
552.2021744891009,3.096632957458496,0.09192086187503357
552.3292091191048,3.1422534942626954,0.09337868491409806
552.4562729729025,3.1504056930541995,0.09334935176721004
552.5836694169705,3.147490119934082,0.09231784156221312
552.7107918083132,3.2031902313232425,0.09246411045960283
552.8382469431489,3.3499931335449222,0.09413599899921826
552.9654278990054,3.155059051513672,0.0925556625893845
553.0929417516481,3.1178064346313477,0.0927321937995611
553.2201812989995,3.051556015014649,0.0919614559635741
553.3477538965012,3.131931495666504,0.0930283138297905
553.475052062341,3.300194549560547,0.09430724979678529
553.6023795126019,3.209265518188477,0.09359274849987877
553.7300402431003,3.1911144256591797,0.09256944653701764
553.8574263523475,3.2127967834472657,0.09259045573572892
553.9851458953723,3.1018638610839844,0.09198482320704877
554.1125906906302,3.2020801544189457,0.09293599925158014
554.2403690732773,3.272133255004883,0.09395139418306855
554.3678725815829,3.135463333129883,0.09304717854221063
554.4954054215495,3.1286388397216798,0.09145474428823391
554.6232720793635,3.0572437286376957,0.0894508748211736
554.7508636729408,3.0590517044067385,0.08930467971248847
554.878789238154,3.119917869567871,0.090546451116511
555.0064396124103,3.170873069763184,0.09142792001425054
555.1344241121617,3.2679115295410157,0.09273049225714457
555.2621332941782,3.196444892883301,0.09342391024462993
555.3898718551711,3.3047763824462892,0.0968879514883442
555.5179447724888,3.4179843902587894,0.10321450233020774
555.6457421818701,3.1118364334106445,0.10955825839464384
555.7738741016125,3.0197797775268556,0.1159855379173253
555.9017303864938,3.0751319885253907,0.11209533371700926
556.0299213358435,3.18095703125,0.11140899510054972
556.1578365233497,2.989887237548828,0.1104877512243442
556.2857811372244,3.207967758178711,0.10888481524023691
556.4140606467698,3.010036087036133,0.09519976607950292
556.5420642039633,3.2553234100341797,0.09539710526970428
556.670402811112,3.178800964355469,0.0983144007980335
556.7984653387796,3.0119535446166994,0.09648917165562121
556.9268630707584,3.153240776062012,0.09423978076993204
557.0549845960683,3.1663135528564457,0.09074150564012096
557.1831355952156,3.1154481887817385,0.08974339849065212
557.3116220302495,3.035578727722168,0.09094020195699842
557.4398320677986,3.0987987518310547,0.09374678214787119
557.5683776957683,3.032785224914551,0.09294804405345594
557.6966467989188,3.0501884460449222,0.09101149473405296
557.8252516470944,3.163081550598145,0.09019829899984744
557.9535798430583,3.193586540222168,0.09042332579804041
558.081937560405,3.1844448089599613,0.09216754618113558
558.2106312547255,3.0840835571289062,0.09152633186452186
558.3390481057107,3.0824148178100588,0.0966028009846165
558.4678010884529,3.222735595703125,0.11952336573126068
558.5962771003202,3.118432426452637,0.1341432086680711
558.7250893987986,2.9436262130737307,0.12587671888779783
558.8536245988038,3.2459503173828126,0.11305383383591905
558.9821893678135,3.045395088195801,0.10911442092838769
559.1110906557573,3.005873489379883,0.11340229491646457
559.2397146537959,3.0319189071655277,0.10942538072625402
559.3686753258015,3.2202976226806643,0.10566950842802512
559.4973585801565,2.9921943664550783,0.09952245110432871
559.6263786635825,3.105353355407715,0.09927882876379789
559.7551212015537,3.2169258117675783,0.09930051503484588
559.8838933562281,3.2090377807617188,0.10041814791024846
560.0130025726712,3.2447330474853517,0.10139794926528228
560.141834051919,3.157225227355957,0.09847089345870812
560.2710027482182,3.100414085388184,0.09534661954385658
560.3998935793705,2.820567893981934,0.09234360300781573
560.5291217829285,3.1377876281738284,0.10094058099372867
560.6580719933293,2.9539867401123048,0.10490520366986239
560.7870518682091,3.1899673461914064,0.10383269389700892
560.9163693485676,3.1764396667480472,0.09852708519425396
561.0454086437189,3.173206901550293,0.09638936961638099
561.1747856998822,3.112621307373047,0.09562300485444611
561.3038844426807,3.212291717529297,0.09580692349617273
561.4333211020961,3.0622985839843753,0.0973941529018195
561.5624793199296,3.159741973876953,0.10503998227574063
561.6916672500945,3.0544565200805667,0.10515577663860243
561.8211933303256,3.02242603302002,0.09733961242390503
561.9504407766151,3.0873779296875004,0.09250772202197204
562.0800265287547,3.0400726318359377,0.09088197724323788
562.2093335185881,2.9437759399414065,0.08998211698215659
562.3389789701275,3.104271697998047,0.0956783109089342
562.468345530937,3.1619222640991214,0.1057081503149907
562.5977418520081,3.1443220138549806,0.11061581574301721
562.7274768686108,3.195967483520508,0.10431924820055281
562.8569328018135,3.1249593734741214,0.0947919048666994
562.9867275865834,3.172928810119629,0.09257933449742534
563.1162431593817,3.139979934692383,0.09448602944901353
563.2460977398545,3.1433423995971683,0.10106607075709145
563.3756729797244,3.2045169830322267,0.11528828901813765
563.5055873834484,2.9104274749755863,0.11076392295906108
563.6352223178795,3.060504913330078,0.09790635838533829
563.7648870743125,3.1309679031372073,0.09113726731010736
563.8948912289098,3.210179138183594,0.09194609309506374
564.0246157211448,3.1550958633422854,0.0909826342938386
564.1546797679032,3.0698207855224613,0.0902182465142665
564.2844640234608,2.8983657836914065,0.08775970626947377
564.4145879899731,3.131489944458008,0.09085258719813982
564.544432036387,3.0146318435668946,0.09183807101252948
564.6743059529092,2.9995040893554688,0.09920776690250344
564.8045198150751,2.8861869812011722,0.10439214040509484
564.934453563761,3.0254266738891604,0.10060668184957351
565.064727414702,2.9828098297119143,0.09169741843532499
565.1947210231167,3.09591007232666,0.09224648281609822
565.32505489047,3.011692810058594,0.09782831654320641
565.4551083861917,3.1861291885375977,0.11435991840555965
565.5851918002058,2.869888496398926,0.11592779436278469
565.7156157082261,2.917303848266602,0.10526973314901505
565.8457590509213,3.0607471466064453,0.09523215564161036
565.9762430444861,2.9894153594970705,0.09118497391511272
566.1064463434718,3.002994728088379,0.09124683521577959
566.2369904502634,3.0295417785644534,0.0934054955290231
566.367253733162,3.1769140243530276,0.09703718133263878
566.4975469826155,3.0666715621948244,0.09659787395276338
566.6281812753213,3.0265653610229495,0.09402503732394994
566.7585345501284,3.059479904174805,0.09261769627629185
566.889229025305,3.182826614379883,0.09351096619108326
567.0196423531199,3.1057788848876955,0.0957116462057141
567.1503970384939,3.07115535736084,0.09901281117828759
567.2808704469833,3.0294342041015625,0.09785403050426555
567.4113738703679,2.90773983001709,0.09264742558592073
567.5422188871377,3.14553394317627,0.0925726145007551
567.6727824327046,3.220294189453125,0.09836740303664913
567.8036877290274,3.097537612915039,0.10849240974864814
567.9343114244754,3.1412321090698243,0.11362593960385495
568.0652770281222,3.2091335296630863,0.10559319371521832
568.1959609011631,3.173342514038086,0.09588908237032193
568.3266748375166,3.062478828430176,0.09201451355025395
568.4577309182757,3.000603485107422,0.09229989027033778
568.5885050737969,2.9900228500366213,0.09250163561606806
568.7196215313477,2.989787292480469,0.09231607362879775
568.8504559337795,2.9717313766479494,0.09140977711594789
568.9816327959381,3.0415048599243164,0.0907773772934839
569.112527473037,3.002718925476074,0.09093748102901804
569.2434522619448,3.018560028076172,0.09116509195267881
569.374719747167,3.1757061004638674,0.0941245849378852
569.5057048523835,3.07113037109375,0.09396327444269931
569.6370328117931,3.206763076782227,0.0956469713767053
569.7680782611067,3.0715681076049806,0.09599182311514126
569.8994667225645,2.936742210388184,0.0964594039192204
570.0305725437757,2.916858673095703,0.09557995523581908
570.1617085253704,3.277299499511719,0.10367102288305806
570.2931877560787,3.246425247192383,0.10073328966267195
570.4243841512802,3.068043327331543,0.0965081534686609
570.5559239537288,3.0192777633666994,0.09956154018293867
570.6871807903698,3.0526674270629885,0.09983521987151563
570.8187811924645,2.8325014114379883,0.09222959250107038
570.9500984983913,3.068889999389649,0.09154488722432745
571.0814460133539,2.980987358093262,0.0906123774609369
571.2131373311217,3.0738843917846683,0.09140061869168824
571.3445453571463,3.035863494873047,0.09014626764786277
571.476297344364,2.9506120681762695,0.0901395659737882
571.6077659093282,3.117434501647949,0.09313501434523462
571.7395785939474,3.1062082290649418,0.0932529033103274
571.871107725742,2.928731155395508,0.09138505750561006
572.0026671153039,3.000620269775391,0.09237081409663365
572.1345708622547,3.0664955139160157,0.09447003989617381
572.2661908604907,3.170521354675293,0.09492185451410567
572.3981553747595,3.123147964477539,0.09214112509611894
572.5298360095924,3.203734588623047,0.09156223679275816
572.6618613191752,2.968904304504395,0.09025237040468652
572.7936026185405,2.9193279266357424,0.09307271457670868
572.9256887514462,2.980661392211914,0.09716039655492882
573.0574907432926,3.0289493560791017,0.09619251072714516
573.1893230556786,3.1629346847534183,0.0946509667717414
573.3215004398323,3.21751823425293,0.09595239110323033
573.4533934866297,3.3209949493408204,0.10161629917418896
573.5856317641682,3.15792179107666,0.1027461860588616
573.7175855733581,3.0474138259887695,0.098232741253169
573.8498847723351,3.109910392761231,0.09442658091622319
573.9818993719111,2.9338678359985355,0.0914204730148951
574.1139443409372,3.1394817352294924,0.09311279509370791
574.2463349383627,3.1413087844848633,0.0942325231248309
574.3784407397728,2.9677783966064455,0.09176037072735524
574.5108923288119,3.0879051208496096,0.0916325730582877
574.6430589906322,3.0990400314331055,0.09329736033925373
574.775571599384,3.0701690673828126,0.0951836684973349
574.9077991496531,3.0538698196411134,0.09546463437473758
575.0400571183625,3.0524742126464846,0.09381589896436839
575.172661273,3.0926670074462894,0.09377151272485795
575.304980172224,3.245070266723633,0.09669825566767087
575.4376454168626,3.228589630126953,0.09700779058687445
575.5700252746722,2.9999479293823246,0.09291538513262236
575.7027516374565,3.0320089340209964,0.09139694608121174
575.835192481936,3.0878847122192385,0.09101868492280821
575.9676637939244,3.0131633758544925,0.09103449135156809
576.1004818502697,2.9879158020019534,0.09165415759874038
576.2330141910618,3.0000415802001954,0.09189533225248053
576.3658934359543,3.1316280364990234,0.09267852629016114
576.4984868336662,3.157459259033203,0.09280719263788972
576.6314272952955,3.193791961669922,0.09239466881207647
576.7640817780567,3.2221878051757815,0.09463443870553723
576.8967667774748,3.164553451538086,0.09673205379659466
577.0297990805791,3.1806749343872074,0.09547954676446702
577.1625452072478,3.082682228088379,0.0917997103401562
577.2956387976044,3.090921783447266,0.09101699058112056
577.4284460796858,3.217539215087891,0.09154098230138413
577.5616009855298,3.209691619873047,0.09080895278382761
577.6944694511988,3.0873165130615234,0.08842943752117707
577.8273684827519,2.9161020278930665,0.08650007013780811
577.9606153782229,3.0299001693725587,0.08816544593722597
578.0935756356329,3.042361259460449,0.09066614900978637
578.2268839172203,2.98088493347168,0.08992599380242047
578.3599054286946,2.8724311828613285,0.08672886501057402
578.4932751246793,2.9235570907592776,0.08518135880695141
578.6263579184381,3.139852333068848,0.088361282545498
578.7594713273878,3.020163726806641,0.08791678726962163
578.8929331613907,3.1025039672851564,0.09065519164732888
579.0261078949625,3.1853036880493164,0.09147233917040506
579.1596312141055,3.178839683532715,0.09105142631127666
579.2928673005523,2.908650588989258,0.08687549826462453
579.4264521331621,3.1378988265991214,0.08848686673039269
579.5597496007495,3.0321542739868166,0.08736056632011929
579.6930777329142,3.0071678161621094,0.09038393729432975
579.8267548521726,3.057681465148926,0.09366301377119793
579.9601444078841,3.079893493652344,0.09345296835703032
580.0938831114661,3.169017028808594,0.09347338261771103
580.2273341190225,3.0912757873535157,0.08973400395959347
580.3611344353005,3.12081356048584,0.08996141432237664
580.4946469230133,3.0901737213134766,0.09213135822160966
580.628190124769,3.0817741394042972,0.09139786533002774
580.762082876566,3.0853530883789064,0.08850598922287944
580.8956876009527,3.2434616088867188,0.09042019273912154
581.0296420364165,3.215948867797852,0.09110914807266958
581.163308311778,3.208344650268555,0.09395514119415146
581.297324459327,3.001114654541016,0.0924338134510483
581.4310523140205,3.1473676681518556,0.09435097969372017
581.5648109323025,3.0041870117187504,0.09350847090517282
581.6989196644809,2.9873191833496096,0.0907790092395207
581.8327399046378,2.977408599853516,0.08747275310653224
581.9669104199868,3.1644540786743165,0.08983860410340234
582.1007923104082,3.1666715621948245,0.0905652358444888
582.2350246373919,3.1502740859985354,0.09152077522402162
582.3689682064804,3.2744922637939453,0.09270622933068351
582.5029425887834,3.3025894165039062,0.09312896216288064
582.6372676497473,3.460692596435547,0.09461353207030693
582.771303753329,3.134018135070801,0.09144520315226214
582.9056906971281,3.2348506927490237,0.0949957817339247
583.0397885504241,3.2387210845947267,0.09567218773038916
583.1742374055677,3.147578620910645,0.09549949620058445
583.3083970370265,3.3398906707763674,0.09836245064289673
583.4429078320379,3.3131752014160156,0.09722456594445723
583.5771292701213,3.2186653137207033,0.09473837937418945
583.7113815853432,3.1401599884033207,0.09306034743829862
583.8459853067191,3.0444452285766603,0.09334429511548482
583.9802994712655,3.0767154693603516,0.09518270732237255
584.1149652038569,3.225049591064453,0.09776371364933287
584.2493412462225,3.2519294738769533,0.09682365053859682
584.3840690185986,3.3115406036376953,0.09740186848038847
584.5185069672903,3.228592681884766,0.09798076895321826
584.65297584293,3.4084785461425784,0.10214310119685271
584.7877966915725,3.4064792633056644,0.10335555641556998
584.9223275163073,3.1695863723754885,0.09839879693507045
585.0572104761976,3.150067710876465,0.09567012605504799
585.1918032785684,3.3530952453613283,0.09717953665924613
585.3267483783216,3.336091232299805,0.09796021027178956
585.4614031868816,3.240053939819336,0.09542515419337737
585.5960889722783,3.062030601501465,0.09303942486050618
585.7311272984418,3.110004234313965,0.09359895509802411
585.8658751328659,3.0741027832031254,0.09466240657486479
586.0009756704706,3.1282236099243166,0.09702368843158898
586.1357855825081,3.229287338256836,0.09890104205719977
586.2709483602152,3.166178894042969,0.09930712234020342
586.405820378466,3.2623657226562504,0.10081751197331289
586.5407234235233,3.25753173828125,0.09732174014814798
586.675979578027,3.2254974365234377,0.09522722432684852
586.8109447722043,3.230509948730469,0.09416012834469512
586.9462632385043,3.222109603881836,0.09228117657201579
587.0812906104344,3.1236185073852543,0.0905349443854186
587.216671417238,3.2029617309570315,0.09189373649002225
587.3517609955668,3.1629049301147463,0.09302944154986445
587.4868816507521,3.1207031250000004,0.09382735863093948
587.6223559849809,3.1835754394531253,0.09476008400542611
587.7575388895409,3.0872743606567385,0.09334144959518745
587.8930756360829,3.0623895645141603,0.0938533849083944
588.0283208186964,3.191019058227539,0.09512463857024245
588.1639200063053,3.099051666259766,0.09412973964219261
588.299227495664,2.910863494873047,0.09174255391340386
588.4345661120105,2.998175430297852,0.09297599914080877
588.5702589779162,3.1043403625488284,0.09868598359489651
588.7056599440537,3.0229774475097657,0.10182033859674287
588.8414153229514,2.973736381530762,0.10419540263793636
588.9768786676048,3.2303863525390626,0.12163213422234204
589.112696588295,3.166728782653809,0.15377352681584444
589.2482223402025,3.2827491760253906,0.16287069612843266
589.3837792693091,3.262206268310547,0.1562704468798447
589.5196910194114,3.0681344985961916,0.1594270365446615
589.6553103988873,3.14854793548584,0.1634647755223305
589.7912847628229,3.2585838317871096,0.1480672327461335
589.9269666214393,3.035625839233399,0.11434042271560119
590.0630036280554,2.9578002929687504,0.10157331648048325
590.1987479945966,2.950190925598145,0.1065809411279183
590.3345235886301,2.8849359512329102,0.11198544408565721
590.470654576017,2.929025459289551,0.10909127967157757
590.6064927211601,3.031709671020508,0.10232061720451305
590.7426864233845,3.1123287200927736,0.09796151021942873
590.8785871484547,2.9043317794799806,0.0933617326391626
591.0148435944103,2.8172010421752933,0.09305298907263335
591.1508069282386,3.074475860595703,0.09797280849531725
591.2868015399333,3.064214324951172,0.0997826293355314
591.4231521182622,3.1448230743408203,0.10097579618861284
591.5592093819693,3.03594970703125,0.10008069198340144
591.6956227763033,3.029601860046387,0.09943529136889442
591.831742720887,3.267111206054688,0.10910211502167283
591.9682189601652,3.2031837463378907,0.1424884126439657
592.104401614503,3.033050918579102,0.21769490122238772
592.2406155971622,2.721991539001465,0.2180588041594923
592.3771861206617,3.051802635192871,0.13828071864747804
592.513462856399,3.187125396728516,0.11005613894636253
592.6500962972336,3.064674758911133,0.12334744497259603
592.7864358149598,3.16771240234375,0.1463652052704228
592.9231322021158,3.0153661727905274,0.1284975232748033
593.059534530755,2.967979621887207,0.10611461281214832
593.1959682382518,2.8609033584594727,0.09714843699868668
593.3327590617215,2.8173749923706057,0.09787436032925852
593.4692556235252,2.9029747009277345,0.10192457321175259
593.6061094658236,3.050882911682129,0.107579384965051
593.7426689108914,3.0133548736572267,0.10861153370806637
593.8795858010517,2.989075088500977,0.10250603647602952
594.0162081583546,3.0217857360839844,0.09668197856578242
594.1531881254234,2.981930732727051,0.10022807725499815
594.2898734239452,3.0952024459838867,0.11524160427086252
594.4265901664228,2.942650604248047,0.12113314696229659
594.5636647657205,2.934093856811524,0.11078085545397882
594.700444492901,2.9398710250854494,0.10320395866114614
594.837582241765,3.160964012145996,0.10432231362625242
594.9744249826659,2.9296003341674806,0.1031517564902162
595.1116259101892,3.0782979965209964,0.1089421462590326
595.2485316938413,3.459946441650391,0.1429717401132194
595.3854689721722,3.082468605041504,0.2008444322339371
595.5227646845785,2.996208381652832,0.1757873698465452
595.6597650492147,3.10170955657959,0.11829766315720416
595.797124013055,2.927615737915039,0.09748343741449983
595.9341874930608,3.013214492797852,0.09548993510307449
596.071609737476,3.1266149520874027,0.0991990207172355
596.2087363619288,3.013273239135742,0.10764740427555178
596.3458945318654,3.0344520568847657,0.1238929428910663
596.4834117140634,2.9738424301147464,0.1313025891506058
596.6206330720717,3.0159051895141604,0.1203800092809187
596.7582136077366,3.070754051208496,0.10496840020067473
596.8954981829272,3.128347778320313,0.09923510272797988
597.0331421012465,3.13647632598877,0.09839319820773167
597.1704899227443,3.0868125915527345,0.11128257809885639
597.3078693406126,3.4900150299072266,0.15772030635724832
597.4456083498618,2.8532581329345703,0.2116773040014769
597.583051057732,2.9096954345703128,0.16258800219773872
597.7208535226448,3.0375946044921878,0.10759139799939395
597.8583595496749,2.96181812286377,0.09731119287179896
597.9962254994865,3.0123922348022463,0.1008456198121083
598.1337948748483,2.9645111083984377,0.1008849491103193
598.2713958975494,3.0196800231933594,0.09851177032099488
598.4093570916841,3.0995248794555668,0.0975736600516483
598.547021506482,3.128512382507324,0.09872235149046232
598.6850462586428,2.9650392532348633,0.11119449177668561
598.8227740947425,3.034987449645996,0.12265237278915105
598.9608624342111,3.030755043029785,0.12010736074245519
599.0986537208311,2.9381320953369143,0.10736248254064772
599.2364767058417,2.980605125427246,0.10301800764481661
599.3746604432747,2.9598402023315433,0.10127986404189576
599.5125469226414,2.9532951354980472,0.11133032881127354
599.6507943206278,2.949926567077637,0.14385017333083347
599.7887443236026,2.870565795898438,0.17469272556358698
599.9270554114712,2.989983940124512,0.13552538456786412
600.0650689673201,3.006930923461914,0.10457058719179374
600.2031142726935,2.871702575683594,0.09681525478490985
600.3415209124153,2.9974706649780276,0.09696325187046123
600.4796298145691,3.0217065811157227,0.09823120448765088
600.6181002175367,2.9294908523559573,0.09644417212960048
600.7562727457705,2.791701889038086,0.09208052742162239
600.89480694136,2.846082305908203,0.09101359319429832
601.0330431249865,2.919127655029297,0.09234959254791866
601.1713111093535,3.0652732849121094,0.0953235853263888
601.3099410109335,2.9645202636718753,0.10141949056480098
601.4482726946705,2.9000354766845704,0.11608780300086795
601.5869664623546,2.987442779541016,0.12431937348475726
601.7253618748084,2.8462694168090823,0.11340055210663931
601.8641195380198,2.8827816009521485,0.09689056457632621
602.0025787085507,2.9318563461303713,0.09320830222768349
602.1410697311205,2.9009372711181642,0.10275839116533808
602.2799232547084,3.2775642395019533,0.14098914885603905
602.4184780794033,3.043410110473633,0.17086713042021615
602.5573955721192,3.0057374954223635,0.13622737722067768
602.6960142283335,2.904705429077149,0.09758940013554629
602.8349957196485,2.881275177001953,0.0915979778746797
602.9736782367895,2.7836814880371095,0.08895017575087275
603.1123926573508,2.9601165771484377,0.09233552179236001
603.2514701636771,3.0779081344604493,0.09426416975963636
603.3902484892845,2.8279754638671877,0.09095805317631081
603.5293900679291,2.941384506225586,0.0931345761603535
603.6682323280241,2.952132797241211,0.09227348635960071
603.8074380085055,2.959176254272461,0.09098717307536093
603.946344232543,2.941500473022461,0.09026353739081293
604.0852824114651,2.895854187011719,0.09046397490521568
604.224584261842,2.8500284194946293,0.09106092571965486
604.3635864488971,2.9015748977661135,0.09312179929042773
604.5029524749491,3.0983806610107423,0.10392432710439091
604.6420186996261,2.984077835083008,0.10816783895117502
604.7814489309192,2.874545669555664,0.10289165596945415
604.9205792227206,2.9996429443359376,0.0935271855437922
605.0600736888347,2.968389701843262,0.0916600461047477
605.1992680772767,2.962868309020996,0.09953996465426902
605.338494486896,2.943181037902832,0.11074785237469087
605.4780853224172,2.837271308898926,0.10692011341796548
605.6173758729594,2.804150199890137,0.09624699390438309
605.7570310172929,2.9477947235107425,0.09296313896684356
605.8963857383077,2.9104879379272464,0.09218012096829259
606.036105221081,2.9423498153686527,0.0911161585336764
606.1755241421323,2.841453742980957,0.08946976695316805
606.3149751360152,2.9129503250122073,0.08985513107254656
606.4547911436516,2.8613731384277346,0.08860748901053563
606.5943063819244,2.987897300720215,0.08991304954067676
606.7341868021115,3.050048637390137,0.09013242935219204
606.8737663143722,2.8445686340332035,0.08904194655057773
607.0137111767851,2.911388778686524,0.09023055240191608
607.153354992645,3.0064388275146485,0.09167770465663934
607.2930309330739,2.9462059020996096,0.09324532037838194
607.4330724760566,2.8960147857666017,0.09597798160090941
607.5728127645098,2.856155586242676,0.09820113343260299
607.7129188239486,3.0313995361328128,0.09881868969867824
607.8527234900715,2.9889917373657227,0.09593328270041034
607.9928940956895,3.002701568603516,0.09875475820983423
608.1327631691415,3.007951354980469,0.10408669726346541
608.2726644189836,2.8551338195800784,0.1003576780969831
608.4129318611293,2.813047409057617,0.09784883695049844
608.552897562797,2.840937423706055,0.1007822058047979
608.693229625472,2.860208892822266,0.10546800887470498
608.8332598086587,2.8918148040771485,0.10434577680178513
608.973656521634,2.988670539855957,0.10704649621038327
609.1137512160469,2.9774583816528324,0.10470140693267081
609.2538781387543,2.8360578536987306,0.09441139898314045
609.3943718444668,2.8288888931274414,0.08922244417918992
609.5345633229688,3.0027181625366213,0.0904833265099308
609.6751217534513,2.975828170776367,0.09156585615055944
609.8153778174892,2.8512155532836916,0.09222301382349314
609.9560010025612,2.8127599716186524,0.09089852280212789
610.0963216818898,2.9954776763916016,0.09020337322556736
610.2366746415013,2.9252960205078127,0.08843283395317521
610.377394975772,2.82180118560791,0.08720521333760363
610.5178125953146,2.935434150695801,0.08824614646383498
610.6585977587645,2.7827638626098636,0.08546161089393138
610.7990800680275,2.8067378997802734,0.08576609589700357
610.939930090524,2.917646026611328,0.08687231329162542
611.0804771193103,2.8008598327636722,0.0870583267954009
611.2210564804516,2.8697998046875,0.08918527587259717
611.3620038088607,2.9623264312744144,0.09119753050990068
611.5026479342376,2.8885635375976566,0.08965031582636365
611.6436601964035,2.9990625381469727,0.09244646929663468
611.7843691158537,2.9868383407592773,0.09609392163720201
611.9254463416918,2.9119495391845707,0.09628505052034761
612.0662200850659,2.889656448364258,0.10673117102214501
612.2070262129512,3.0553075790405275,0.13803908585799804
612.3482009016684,2.9244714736938477,0.13406487250835888
612.489071898262,2.9108272552490235,0.11493658591370313
612.6303116254826,2.8391008377075195,0.09473774078125091
612.7712475206703,2.965972900390625,0.10218695471673836
612.9125523163575,2.7644582748413087,0.10604482498332463
613.0535531400382,2.7825563430786135,0.09584187843672969
613.1945864004704,2.8912593841552736,0.08846346072650921
613.3359888162565,2.857908248901367,0.08823473702634547
613.4770870500383,2.9855098724365234,0.09046815404767558
613.618554609243,2.756881141662598,0.08837653836114714
613.7597178463085,2.780821228027344,0.08887821175373616
613.9012505789434,2.7408843994140626,0.0868843672313575
614.0424788492396,2.818764114379883,0.08816563384058754
614.1837396086119,2.8873542785644535,0.08997525647628538
614.3253701188191,2.8448150634765628,0.0905012501762536
614.4666959563513,2.9640863418579104,0.09198526391954451
614.6083917150614,2.913662910461426,0.09137967209299398
614.7497826607353,2.773781967163086,0.08904716899743065
614.891543698009,2.835430717468262,0.09171525954272189
615.0329997818204,2.9032905578613284,0.09760026534661433
615.1744884071169,2.7936775207519533,0.09656257397764047
615.3163473796898,2.7276153564453125,0.09091068375185848
615.4579011881256,2.9318565368652347,0.09117538594181537
615.5998255144553,2.968968772888184,0.09295209832370208
615.7414445360604,2.9376134872436523,0.09406220416113753
615.8834342462559,2.8268518447875977,0.09451914523212204
616.0251185110744,2.7716047286987306,0.09944625148518592
616.1671736352585,2.7203954696655277,0.11146426277103048
616.3089231733485,2.6849708557128906,0.11566572086922006
616.450705320433,2.753885841369629,0.10400454706485385
616.5928585830908,2.8173912048339846,0.09324482264704126
616.7347060485415,2.759801483154297,0.08764860044156031
616.8769248005373,2.733406448364258,0.0869373522265791
617.0188376144471,2.777444076538086,0.08804649140682139
617.1611218859522,2.822102737426758,0.0921742343563221
617.3031000784274,2.816808891296387,0.09940675932200396
617.4451109324993,2.888108253479004,0.10305119305091144
617.5874935007878,2.7732891082763675,0.09497319992627884
617.729569778593,2.856616973876953,0.09121014204442389
617.8720179418617,2.713900947570801,0.0918259679523508
618.0141596735409,2.6453493118286135,0.10111338771020946
618.1566734620101,2.551397514343262,0.126243035985326
618.2988806777183,2.5683515548706057,0.16129093944854087
618.4411206077109,2.7987686157226563,0.19918287252139458
618.5837328515283,2.6748107910156254,0.2194683484225994
618.7260383107905,2.7410753250122073,0.22143903628330064
618.8687162554011,2.918081665039063,0.22987337093060034
619.0110872741227,2.711383056640625,0.2111441261679984
619.1538309497953,2.8555305480957034,0.20053466814666063
619.2962675581798,2.8297958374023438,0.18713591772406712
619.4387369336207,2.538464164733887,0.16006373435072901
619.5815792234623,2.997414016723633,0.14100126128211796
619.7241142338796,2.857625770568848,0.12372707778946737
619.8670223304982,2.885822296142578,0.11497535366551342
620.0096230061303,2.6689426422119142,0.10792444120719602
620.1525969398432,2.7663021087646484,0.11076720352980687
620.2952633109428,2.934321212768555,0.12241436990837072
620.4379625019558,2.881613349914551,0.13035068584007034
620.5810352089145,2.961763381958008,0.13524178782331903
620.7238001407816,2.9086992263793947,0.14912958179370522
620.8669387606717,2.883794975280762,0.16018512916219307
621.0097694636796,2.775374412536621,0.14821943360652903
621.1529740268675,2.6559823989868168,0.13135881573888875
621.2958705313179,2.5994333267211918,0.1225662678615923
621.4387999086241,2.7749563217163087,0.12177174378726488
621.5821034043913,2.8012289047241214,0.11751445977965613
621.7250986285998,2.7168094635009767,0.11805278325078764
621.8684681436241,2.7127340316772464,0.11867259865606433
622.0115292450706,2.8961816787719727,0.11623441448121004
622.1549648097672,2.903350830078125,0.11654975531378942
622.2980918188018,2.8399456024169925,0.10939190420001166
622.4412517537207,2.757750129699707,0.10649905763183756
622.5847864105874,2.7872070312500004,0.10886701446548548
622.7280122986274,2.792066192626953,0.10866025067657613
622.8716130812483,2.842514991760254,0.11533702411818259
623.0149049527945,2.7636857986450196,0.11285850285873203
623.1585718916342,2.9401754379272464,0.10165525381969132
623.3019297770857,2.7255805969238285,0.0991751913937397
623.4453206415347,3.0866981506347657,0.11120621606452862
623.5890868323924,2.7378900527954104,0.10770629076199008
623.7325437563532,2.757779884338379,0.10486963506680114
623.8763761796339,2.8306444168090823,0.09787740055651944
624.0198991935406,2.765229415893555,0.09387174537140848
624.1637978797585,2.6613639831542972,0.0929917020138695
624.3073870140589,2.805348587036133,0.09617975419673455
624.4510091805562,2.76488094329834,0.09426192819692114
624.5950072788976,2.8438697814941407,0.09293302825058714
624.738695611469,2.823075103759766,0.09180046656902273
624.8827600490746,2.745814323425293,0.09076596950626305
625.026514578203,2.8633621215820315,0.09291379301162854
625.170645385636,2.8286407470703128,0.09440869048542284
625.3144661418185,2.7444629669189453,0.0935906766506729
625.458319983483,2.878340721130371,0.09429606819338043
625.6025503634036,2.7877809524536135,0.09476206204337985
625.746470477876,2.715953636169434,0.09581968954642334
625.8907673040743,2.7973539352416994,0.09775285500956266
626.0347537218871,2.6335474014282227,0.09662252203059946
626.1791170249757,2.8324077606201175,0.09591167711737605
626.3231697766748,2.868673896789551,0.09553579429210896
626.4672556672269,2.8481800079345705,0.09911398978270206
626.6117187034258,2.990912246704102,0.10295962316803482
626.7558709736921,2.896794128417969,0.09779635589352145
626.9004005633549,2.797028732299805,0.09228627321656831
627.0446192439167,2.8089824676513673,0.09160022253074676
627.1892154177051,2.80337028503418,0.09272710371006347
627.3335005391584,2.7824026107788087,0.10044235619210584
627.4781633277476,2.9271614074707033,0.13685638395285368
627.622514920702,3.1418596267700196,0.19084236387967024
627.7668997212581,3.2168514251708986,0.19905400982651378
627.9116624498614,2.5885860443115236,0.16085021674279068
628.0561137678412,2.8580156326293946,0.1700907212141602
628.200943187978,2.9090307235717776,0.15340858400876695
628.3454610540267,2.9198532104492188,0.10722240855527099
628.4903571964229,2.793931388854981,0.1070086142988421
628.634941641199,2.9965030670166017,0.1246456497054737
628.7795593471452,3.0347740173339846,0.11784868887839411
628.9245555907706,2.8848846435546878,0.10583828100405811
629.0692399214413,2.88446159362793,0.09959829025757674
629.2143029641823,2.9970861434936524,0.09609229268804237
629.3590539502717,2.9373043060302737,0.09568693128806313
629.5041838229029,2.8739206314086916,0.0972766800187647
629.6490014951197,3.01583309173584,0.09914499465768437
629.7938524821608,3.0924678802490235,0.09828987872462441
629.9390826174969,3.101552200317383,0.09729534544624058
630.0840003367364,3.140455436706543,0.09765475135669416
630.2292973789433,3.0868349075317383,0.1015533687291663
630.374281861125,3.159572219848633,0.1047945760368489
630.5196458410269,2.863267326354981,0.12119665096311341
630.6646971169091,3.19751148223877,0.17882442930012957
630.8097817613562,3.042717933654785,0.22013700855221865
630.9552461656992,3.0438348770141603,0.15471933484239692
631.1003976499923,2.8752664566040043,0.10761986754749141
631.245929069135,2.9198232650756837,0.10269952346776437
631.391147424067,3.0278873443603516,0.12529842049871195
631.5367458888834,2.948433494567871,0.13490695524525315
631.6820311452622,2.9952064514160157,0.12747857231813894
631.8273498240335,2.981557846069336,0.10338211377245468
631.9730488752884,2.8421106338500977,0.09435211615082974
632.1184345017261,2.926131629943848,0.09278275997236167
632.2642006758837,2.988093376159668,0.09452209479327721
632.4096532808314,2.9094564437866213,0.10121447828576913
632.5554866088157,2.935354042053223,0.12216967650721303
632.7010062231303,2.947942352294922,0.11733257406697639
632.8465593137521,2.9266778945922853,0.09958746229724341
632.9924933904327,3.0646629333496094,0.10374659029535578
633.1381135367159,3.0946411132812504,0.12881712725021524
633.2841148445768,2.9734670639038088,0.12178937685601386
633.4298020774141,2.9443233489990237,0.10614046821794494
633.575870647429,2.9929141998291016,0.10150730810276481
633.7216249977278,2.9312454223632813,0.099393359907334
633.8674128783349,2.825560760498047,0.09797385669820906
634.0135823595663,2.9107608795166016,0.11451735821041296
634.1594374040039,2.9737010955810548,0.15772166856860326
634.3056742248677,2.794906044006348,0.18475132499024396
634.4515964640785,2.946938705444336,0.14873146467751513
634.5979006555983,3.2152866363525394,0.11027530590794486
634.7438901205393,3.065129280090332,0.10165746728741668
634.889913169877,3.0783447265625004,0.09935584229221536
635.0363184353956,3.138253402709961,0.10026478661074983
635.1824087569072,2.9794725418090824,0.10370531224952069
635.3288814706854,2.9479766845703126,0.12218448755754133
635.4750390953634,3.197116279602051,0.15639694460551337
635.6215792884748,3.055080032348633,0.14639385507246966
635.7678042473265,2.9020263671875,0.10860396267313932
635.9140628447506,2.871516799926758,0.09941607595703635
636.0607042749053,3.0418128967285156,0.09932170743977353
636.2070302530217,3.164849090576172,0.10935111197492225
636.3537392402384,3.0385763168334963,0.15770599650155548
636.5001326300895,3.4080944061279297,0.20411810876532654
636.6469092054917,3.3552803039550785,0.18200686952201464
636.7933700381348,3.180842971801758,0.136393722458633
636.9398645636135,3.147306442260742,0.10559063589725554
637.0867425393665,3.024658203125,0.10149967222235096
637.2333045542307,3.035747337341309,0.10124187421753922
637.3802501960238,3.135390281677246,0.10018435310716081
637.526879731366,3.1755189895629883,0.10041028451462314
637.6738930703727,3.0801610946655273,0.10145770254826914
637.8205901573003,3.170298004150391,0.10512087349811372
637.9673209914142,3.1620819091796877,0.12239207073336683
638.1144358943432,3.189575004577637,0.1386868714398623
638.2612343267112,2.9612213134765626,0.1256273754594132
638.4084170048335,3.155604362487793,0.10950940825067597
638.5552830665986,2.9447092056274418,0.1049965828760706
638.7025335511382,3.2940345764160157,0.11291017379066876
638.8494672734575,3.069300651550293,0.13073871768032178
638.9967855956536,3.335261154174805,0.19307798129116582
639.1437870096986,3.4787925720214847,0.2220558266634321
639.2908222409409,3.0943971633911134,0.19559365955102254
639.4382423377609,3.1907716751098634,0.1371275604131442
639.5853453074948,3.3270229339599613,0.13009802801419315
639.7328333201124,3.120665740966797,0.13403662354204568
639.880004059545,3.139530372619629,0.1246472426435472
640.0275600192496,3.1708322525024415,0.11066417499580727
640.174798559603,3.337026977539063,0.11916767568722371
640.322070971705,3.1991296768188477,0.13230041102737472
640.4697288702083,3.3906497955322266,0.14483303085676136
640.6170691300721,3.4255970001220706,0.14370460565414478
640.7647950539294,3.236018753051758,0.12022907779235742
640.9122031928131,3.1356399536132815,0.10904157520614466
641.0599971733643,3.052213478088379,0.11751884665848643
641.2074732225399,3.393186569213867,0.1358503567921676
641.3549831981034,3.397857666015625,0.13615984474011492
641.5028792818931,3.2911155700683596,0.13105740625977313
641.6504572146649,3.36041259765625,0.11978423563213021
641.7984214335419,3.187179183959961,0.11672658778964358
641.9460673548309,3.3705295562744144,0.14567604257564906
642.0940997401852,3.6770183563232424,0.18130856260694994
642.2418136813137,3.2989253997802734,0.1580773163702106
642.3895616035577,3.251072692871094,0.11523342237061068
642.5376962568554,3.3943149566650392,0.11206059700685092
642.6855122459311,3.3233169555664066,0.11441487189530959
642.8337151442263,3.5304931640625004,0.1114849293536303
642.9815992314927,3.3619762420654298,0.10541997417285245
643.1298704062264,3.4211917877197267,0.1061264302850362
643.2778226230565,3.5295841217041017,0.10939474053130359
643.4258088758174,3.5072452545166017,0.11129530807927486
643.5741824834653,3.6547649383544925,0.11535116497363287
643.7222369128584,3.5593723297119144,0.1313319389395456
643.8706788755911,3.5518970489501953,0.1980486880994217
644.0188015130257,4.099305725097657,0.2622672047247447
644.1673118623349,3.7122802734375,0.21435627639545435
644.3155027392344,3.9385951995849613,0.16478426295858012
644.4637277069689,3.919341278076172,0.15312227103801346
644.6123406544291,3.891289520263672,0.1796514641939855
644.7606339087728,4.007052993774415,0.1816445132959166
644.9093153215829,3.9357681274414062,0.13351900169188885
645.0576768939959,3.881098556518555,0.11436615021677017
645.2064268036986,3.953141021728516,0.12100535536778359
645.3548567256552,3.9890869140625003,0.1436600203180807
645.5033207934395,4.414424133300781,0.16334943380190584
645.6521734667964,4.338710021972656,0.1489805836300012
645.8007059313444,4.409551239013672,0.1308840439059886
645.9496271804943,4.472311782836914,0.12501153393079317
646.098228073317,4.436953353881836,0.12388961054866146
646.247217929853,4.539276504516602,0.12529959888880168
646.3958872824757,4.656862258911133,0.1286610483815351
646.5445908360072,4.800875473022462,0.1349483977855213
646.6936836219676,5.030948638916016,0.1466068667342257
646.8424556825952,5.174874877929688,0.16527413117909212
646.99161715497,5.30054054260254,0.17207527883042673
647.1404577542551,5.379484939575196,0.1521123949108989
647.2896879446881,5.803881072998047,0.1593365952108498
647.4385971142071,5.67317008972168,0.14797784429874103
647.5875405398053,5.723615264892579,0.14308658443524688
647.7368738257006,5.602852249145508,0.14288607501509795
647.8858858689052,5.675393676757813,0.15380650791485018
648.035287952014,5.544455718994141,0.20301583186111147
648.1843686444373,6.023117828369141,0.23984270809434813
648.333839556455,6.300621795654298,0.2072484338464332
648.4829889297245,6.442144012451172,0.17286712571891916
648.6321726143324,6.572853088378906,0.16204993979566226
648.7817467881174,6.771823883056641,0.1616001533051986
648.9309992010203,6.767197418212891,0.16266378843000967
649.0806422829972,6.932340240478516,0.1689519913836424
649.2299634558585,7.239518737792969,0.18590279887760808
649.3796754777738,7.337079620361329,0.19396813985955028
649.5290654422714,7.390515899658204,0.18671299877209452
649.6784897734558,7.6022789001464846,0.17921565650159732
649.8283052237125,7.971975708007813,0.18135844263119014
649.977798394059,8.14105453491211,0.18459168214826413
650.1276828636649,8.884394836425782,0.19580314075832767
650.277244904888,9.017609405517579,0.21215741473739835
650.4271984256404,10.033408355712892,0.27903937079690316
650.5768293694689,9.797640991210939,0.291048310586836
650.7268519731804,10.275131988525391,0.24927477175332374
650.8765518513585,10.730045318603516,0.22309791770564258
651.0262861675195,10.636372375488282,0.22133388359609873
651.1764124141415,10.877079010009766,0.2229083874638318
651.3262157122763,11.304524230957032,0.2289807760575795
651.4764111214329,11.205428314208985,0.2277878735305975
651.6262834333213,11.203099822998048,0.22787277622376903
651.7765480368762,11.431822204589844,0.23057578342871388
651.9264893943134,11.764147949218751,0.23626166224650522
652.0764652452865,11.481298828125,0.24101578615746233
652.2268336589404,11.905218505859375,0.24897507512195252
652.3768786031634,11.569604492187501,0.24072124397952083
652.5273162909195,11.763504028320312,0.23913668972092422
652.6774303602235,11.6955322265625,0.24078027611482913
652.827937353997,11.656974029541017,0.24315246593492798
652.9781205802288,11.082825469970704,0.24522558835980945
653.1283383556389,11.452050018310548,0.26623084156698534
653.2789493269693,10.818769836425782,0.26474322885113516
653.4292363070848,10.648789215087891,0.23608996609451235
653.579916664265,10.806983184814454,0.22551210551059722
653.730272880969,10.801014709472657,0.22334912869672818
653.8810226559654,10.574523162841798,0.22035286516852104
654.0314481411556,10.403861999511719,0.21730101936687377
654.1819082312558,10.279273986816406,0.2148729460609419
654.3327621515377,10.170870971679689,0.21289874190734684
654.483291557979,10.119239044189454,0.21256668147923818
654.6342149760385,10.158583068847657,0.21275918381949924
654.7848137307553,9.882709503173828,0.20892035600989503
654.9358066786102,9.992849731445313,0.2120367221567296
655.0864748135516,10.166587829589844,0.21855349069307872
655.2371776092248,10.114202880859375,0.22392513088774924
655.3882748703645,9.701423645019531,0.2168235110244761
655.5390470941945,9.681806945800782,0.20852030240914976
655.6902139652198,9.666883850097657,0.20426050724375658
655.8410556491926,9.774977111816407,0.209184712863023
655.9922921621733,9.617541503906251,0.22111611666129868
656.1432033382893,9.979050445556641,0.24296743226380735
656.294149231049,9.740216064453126,0.23114685234057908
656.4454902255843,9.397610473632813,0.20793528475592582
656.5965056584969,8.978401947021485,0.19389173693504486
656.7479163752071,8.46056900024414,0.18604349015152438
656.89900138031,8.24451904296875,0.18427903299005569
657.0504818513162,8.270417785644531,0.18449124387743704
657.2016364606616,7.819100952148438,0.17873688718899744
657.3528258426529,7.874391174316407,0.18016070999387546
657.5044109637552,7.95255126953125,0.18094871968166434
657.655669998076,7.852619171142578,0.1780338067242093
657.8073249538236,7.688828277587891,0.1760696433720117
657.9586536725628,7.786319732666016,0.17925378595567856
658.1103784951285,7.919923400878907,0.1808857171496287
658.2617769303905,8.1528076171875,0.18275202220382883
658.4132101943908,8.006486511230468,0.18034644081754386
658.5650398358658,7.693855285644531,0.18053316810097506
658.716542864553,7.6715133666992195,0.18215473316906583
658.8684424533251,7.157135772705079,0.17109661929927084
659.0200152788403,6.935945892333985,0.16397842998940704
659.1719848471341,6.962125396728516,0.16719652880708502
659.323627501633,7.335273742675781,0.17815149340243697
659.4753050410534,6.734895324707032,0.1737091474731084
659.6273795973418,6.5110214233398445,0.1658591666637808
659.779127013988,6.609759521484375,0.16119599865068812
659.9312716304069,6.3000946044921875,0.15599040412929213
660.0830889564718,6.271951675415039,0.15409898461105676
660.2353036652978,6.361623001098633,0.1538278200547433
660.387190932989,6.385202026367188,0.15470259868234743
660.539113141875,6.335233688354492,0.15338576783242472
660.6914330080542,6.5191390991210945,0.15695484336841561
660.8434252068864,6.4998046875,0.1578643874517911
660.9958152462112,6.220702362060547,0.15436392528290876
661.1478774672345,6.019401168823243,0.15003620728093575
661.3003377120342,6.373004913330078,0.15400925001006477
661.4524699875079,6.232997512817383,0.1535142023406701
661.6050004701262,6.239622116088867,0.15541017317545705
661.757202832325,6.479152679443359,0.16053505727047795
661.9094402082067,6.2328327178955085,0.15936224412897182
662.062076066334,6.133874893188477,0.15815823013466251
662.2143835773608,6.113424301147461,0.1578152720659996
662.367089754213,6.125842666625977,0.16066142757774707
662.5194674326965,5.994896697998048,0.1580186997354471
662.6722439606694,5.947103118896485,0.1552424874958274
662.8246918389361,5.873351287841797,0.15536614563497397
662.977174787367,6.059405136108399,0.16120990631734955
663.1300568608325,5.557222747802735,0.15392950264884167
663.282610057545,5.661820220947266,0.1499703162010163
663.4355625631675,5.571163940429688,0.14730533043667093
663.5881860405253,5.652510070800782,0.15102402980546678
663.7412090107537,6.0274707794189455,0.1557021466776867
663.8939028011353,6.011493682861328,0.1538732341458822
664.0466317182535,5.690324783325195,0.15119513100359433
664.1997604042318,5.775636672973633,0.15803681192457456
664.3525596829504,5.703634643554688,0.1632093177782486
664.5057589147016,5.848373794555664,0.16089201761445826
664.6586285874366,5.545018768310547,0.15270007035881017
664.8118983974613,5.6250762939453125,0.15391901993879192
664.9648384966436,5.4922626495361335,0.1508177994689201
665.117813779226,5.448221969604493,0.14660352364330761
665.271189475533,5.379961776733399,0.1466469123844521
665.4242352332177,5.381884765625,0.15527324883353236
665.5776815890961,5.050820922851563,0.15357852450471574
665.730797854351,5.085129928588867,0.15262173453516548
665.8843149023542,5.011078643798829,0.1553767367798479
666.037501707663,4.903656768798829,0.1538017477871627
666.1907237531269,4.781273651123047,0.14886746841901763
666.3443468582193,4.603295135498047,0.14709940373458694
666.4976394924704,4.8143154144287115,0.1495475860211477
666.6513333711167,4.5697166442871096,0.14728475882752004
666.8046966266752,4.391649627685547,0.14623970451442467
666.9584613114814,4.347500991821289,0.14571226429140977
667.111895220883,4.407595443725586,0.14964345130559653
667.2653644272864,4.417821502685547,0.14785090299004364
667.4192353402649,4.123515319824219,0.1408842356387817
667.5727752493234,4.317951202392578,0.1381362655913849
667.7267170500221,4.123787307739258,0.1336191937768292
667.8803276943088,4.065961837768555,0.13055077059074569
668.0343404153857,3.8713768005371096,0.1233142418810717
668.1880218274889,3.8231998443603517,0.12163697715887474
668.341738593532,3.9651920318603517,0.12442354360450392
668.4958577141399,3.7328079223632815,0.1233090673205572
668.6496452968902,4.1641796112060545,0.1317595063973286
668.8038354195688,4.137786483764649,0.1312608086095288
668.9576938516515,3.790700912475586,0.12323646311064358
669.1119550091115,3.844710159301758,0.12206195453065415
669.2658843231676,3.6163772583007816,0.12063228229156689
669.4198490481934,3.7365142822265627,0.1281607648687035
669.5742167768201,3.73053092956543,0.1422454489327604
669.7282524327891,3.683826446533203,0.14066534578663295
669.8826912780207,3.440587615966797,0.12700350863703
670.0367978976108,3.5959556579589846,0.1257175055092012
670.1913078922115,3.776164245605469,0.12599180576639435
670.3454855081159,3.766024398803711,0.12230271223301503
670.4996985921123,3.6643032073974613,0.12119213628014569
670.6543153297914,3.620460891723633,0.12159789620537896
670.8085994591512,3.6447044372558595,0.12399890749219887
670.9632874281554,3.7140674591064453,0.12380212517109071
671.1176426356087,3.7278076171875,0.12082222120976052
671.2724018687543,3.795797348022461,0.12071079213757983
671.4268281870476,3.8585586547851562,0.11994650548048419
671.5812900306477,3.981089782714844,0.12224809767133998
671.7361561790608,4.048552703857422,0.1258329633918486
671.8906891826284,3.999796295166016,0.12847183364623888
672.0456266772711,3.8967658996582033,0.12556780347126847
672.2002308735903,3.474482345581055,0.11854422719987788
672.355239747332,3.525040435791016,0.11784433324062318
672.509915169201,3.4717063903808594,0.11684607637154265
672.6646261736834,3.511159133911133,0.11799400849533684
672.8197421351598,3.6378196716308597,0.11997619650705955
672.9745244143993,3.680582046508789,0.12134218643190711
673.1297118371955,3.6444053649902344,0.12273395371132141
673.2845654240284,3.6024097442626957,0.12495643246787386
673.4398243410668,3.5703777313232425,0.135234431210111
673.5947492683456,3.6204544067382813,0.16308739212581952
673.7500797125637,3.7732994079589846,0.19029434914858936
673.9050760131546,3.3474769592285156,0.2091328461287013
674.0601079701769,3.3180580139160156,0.182711098983244
674.2155457242905,3.180309677124024,0.15618350354066443
674.3706491039345,3.0676164627075195,0.1781497746536799
674.5261584676189,3.32684326171875,0.22695351754153026
674.6813333027889,2.7799392700195313,0.19723781485614691
674.836914309035,3.0306177139282227,0.14422558457326304
674.9921606326511,3.2090755462646485,0.14704896420153699
675.147442670217,3.134329986572266,0.18696038718152033
675.303131159462,3.166716194152832,0.22225585014397434
675.4584847348625,2.8526283264160157,0.20764650745994567
675.6142449491932,3.124850654602051,0.16659556273709855
675.7696700953861,3.1621931076049807,0.13222872296224283
675.9255020678465,3.024419975280762,0.12031787312779577
676.0809988178048,2.8821393966674806,0.1172275294450365
676.2365313393236,3.0913974761962892,0.134222381333413
676.3924709681661,2.8322444915771485,0.14673312765715588
676.5480751429185,3.017149543762207,0.13314343584818827
676.7040866125475,3.0679395675659182,0.11748325312180777
676.8597624735446,3.078369140625,0.11697368783628677
677.0158458170581,2.7843433380126954,0.1151716219018365
677.1715933973259,2.9749319076538088,0.11822926650838375
677.3273768068581,2.972116279602051,0.11709312904603533
677.4835679804158,2.8793018341064456,0.11122589874732819
677.6394231587669,2.7722421646118165,0.10715698064787023
677.7956862889993,2.8034418106079104,0.10701660166759748
677.9516132692336,2.826670074462891,0.11013488413516392
678.1079483892911,2.958679008483887,0.11350234767556143
678.2639472044877,2.827547073364258,0.11512831199683855
678.4199819067456,2.891991424560547,0.11664741904786435
678.5764250307905,2.6668266296386722,0.11657783925934317
678.732531617639,2.8624086380004883,0.15314058659005642
678.8890468144327,2.8510145187377933,0.3005820817566468
679.0452253189893,2.963315773010254,0.3881490521037481
679.2018126217365,2.4497316360473635,0.3480113431425701
679.358063077134,3.0225343704223633,0.2365821542575196
679.5143494774826,2.6697381973266605,0.16923355168327572
679.6710449584407,2.809971046447754,0.18313008328647412
679.827403359338,2.61057186126709,0.20209375075593297
679.9841710293069,2.726720237731934,0.15710763376437523
680.1406014639243,2.7408813476562504,0.1139541298782064
680.2974413561622,2.6408155441284182,0.11000660818157132
680.4539438576858,2.8139827728271487,0.12139768000338497
680.610482362144,2.686979866027832,0.1378647263973697
680.7674306070969,2.643869400024414,0.14014648125199716
680.9240412282495,2.560109329223633,0.126425407527077
681.0810617786626,2.764663314819336,0.11517637540669345
681.2377445497343,2.7755117416381836,0.11031366078758423
681.3948374389191,2.588594436645508,0.10594902514054041
681.5515923931493,2.4740411758422853,0.10693970582238797
681.7083834083912,2.7275527954101566,0.11022876761924819
681.8655848250771,2.518400001525879,0.11385121177282041
682.0224480733461,2.980309295654297,0.16041231833180888
682.1797219121297,2.7264326095581057,0.1979139145043125
682.336657426704,2.6740100860595706,0.15516937726673924
682.4940037209507,2.534157371520996,0.11639706548924703
682.6510115351235,2.728178024291992,0.11123272309540089
682.808055468479,2.5986606597900392,0.11004931437014653
682.965510465294,2.6464845657348635,0.11011737855627182
683.1226267481969,2.7066503524780274,0.11656282716315508
683.2801542839351,2.5849130630493167,0.16044250278897143
683.4373429497175,3.479594421386719,0.2744585291673521
683.5949430577979,2.5474538803100586,0.31512896327701084
683.7522041398067,2.037828826904297,0.23034352608298142
683.9095013992625,2.842360496520996,0.13393262615726403
684.0672103852614,2.6161643981933596,0.1169192100550667
684.2245801109733,2.6936504364013674,0.11606156256717859
684.3823617529092,2.6381240844726563,0.1154503701863668
684.5398039782629,2.609108352661133,0.12835384310598966
684.697658309609,2.653575134277344,0.1653140312308239
684.8551730680048,2.3985555648803714,0.18671787774922846
685.0127240622062,2.528236961364746,0.1623083935291314
685.1706874471035,2.7272251129150393,0.12898080280335847
685.3283110244575,2.7992656707763675,0.1220875607615152
685.4863471824951,2.6221328735351563,0.11972541566983796
685.6440433764409,2.5402902603149418,0.13130686655644272
685.8021523411451,2.765909004211426,0.18040295807883758
685.959921185138,2.9799928665161133,0.31049428581094785
686.118102990051,2.3334482192993167,0.3592884832239158
686.2759445175609,2.574506950378418,0.21449831923222198
686.4338223560496,2.6905967712402346,0.12632099211003942
686.5921134407531,2.5333133697509767,0.1113245801844587
686.7500640129731,2.520162391662598,0.1086217110929953
686.9084280217891,2.6080499649047852,0.10923168075863217
687.0664513612489,2.511635208129883,0.11190235641636165
687.2248883277739,2.6324804306030276,0.11797637262648307
687.3829844679979,2.663820266723633,0.11983648974099909
687.5411169777749,2.6258152008056643,0.12243917565764871
687.6996634003713,2.3052789688110353,0.14339690507458538
687.8578687612074,2.4862068176269534,0.18511340463163606
688.0164882255516,2.955172920227051,0.18468594815968262
688.1747664710101,2.776112747192383,0.1356352663251577
688.3334590107526,2.205384635925293,0.11037204558398286
688.4918101744112,2.6609582901000977,0.12169680802717026
688.6501977662913,2.730916786193848,0.16068804940026377
688.8089999386709,2.5760595321655275,0.2787290519893983
688.9674604991276,2.1988298416137697,0.27658281076418945
689.1263358310798,2.2596683502197266,0.19178179091765257
689.2848693937302,2.7499498367309574,0.13716749963631553
689.44381791896,2.50472354888916,0.12032373405356872
689.6024245174365,2.55075740814209,0.11373294283894962
689.7610676028974,2.500678062438965,0.11296683909204171
689.9201259376147,2.345998191833496,0.11126490549907198
690.0788421093591,2.552254867553711,0.11109913880851521
690.237973721664,2.4423891067504884,0.10941911398108191
690.3967630133635,2.3387304306030274,0.1085114895474185
690.5559679370153,2.6010080337524415,0.1122875449036827
690.7148303823562,2.6682327270507815,0.11486279437404551
690.8737293735392,2.69359245300293,0.11630462324716224
691.0330442838143,2.749309349060059,0.13354723690176132
691.1920164791776,2.3746646881103515,0.16047312302194794
691.3514047852459,2.712219619750977,0.16248468081586884
691.5104502185152,2.436619758605957,0.12358448438551434
691.6699119541904,2.4593994140625,0.11392439154507394
691.8290306591067,2.5393625259399415,0.128135728079299
691.9881859688178,2.389369010925293,0.16696215226353
692.1477578685376,2.432341194152832,0.21862295727247788
692.3069865005162,2.3996332168579104,0.19062671912321946
692.4666319144252,2.5033660888671876,0.1329773201145144
692.6259339024513,2.543963623046875,0.11776274339786447
692.7856528644177,2.301985740661621,0.1119096234865731
692.9450282422862,2.3506656646728517,0.11148293898276884
693.104440283998,2.442074012756348,0.11159448964344981
693.2642695877164,2.4323228836059574,0.10978088902505467
693.4237550699728,2.4287734985351563,0.11064191080346442
693.5836580064678,2.6038297653198246,0.11252962129166225
693.7432169631036,2.5625951766967776,0.11214429011159113
693.9031935662974,2.571185302734375,0.11274915349761361
694.0628260311623,2.3616247177124023,0.10940831271814438
694.2224952190132,2.4519214630126953,0.12971519449593816
694.3825823419537,2.761779022216797,0.13545557176681075
694.5423250888177,2.4382652282714847,0.11336392823314345
694.7024859633127,2.3730775833129885,0.1191839491071282
694.862302303079,2.5746826171875004,0.13308954506871765
695.0225369631063,2.416372871398926,0.12913156778748802
695.182426929679,2.5007947921752933,0.11531251861002652
695.3423536784761,2.385991096496582,0.11389076231135989
695.5026990365313,2.501741218566895,0.1324844667772913
695.6626994630012,2.5651523590087892,0.16295710446361042
695.823118691581,2.150447463989258,0.14985436167700816
695.9831928296667,2.403840827941895,0.12479633685396381
696.1436859628035,2.4802013397216798,0.1124171000889511
696.3038338464646,2.3613380432128905,0.10903472128465573
696.4640185716843,2.4297510147094727,0.10905244213171945
696.6246225814178,2.475235939025879,0.10974264977101292
696.784881103161,2.4881324768066406,0.1109170428909059
696.9455591025809,2.5331890106201174,0.11383243661846001
697.1058914548455,2.4798152923583987,0.11267761690565091
697.2666434780391,2.3474699020385743,0.10962765693673103
697.4270496948395,2.4892166137695315,0.11217088069771414
697.587492812628,2.4390367507934574,0.11320256124761069
697.7483558912757,2.7029880523681644,0.1172083970248816
697.9088729246299,2.4129228591918945,0.11550312723125661
698.0698101123181,2.316785430908203,0.11343463622347788
698.2304010952912,2.3241037368774413,0.11207804314209012
698.3914124261622,2.4632299423217776,0.11223725460108043
698.5520773928232,2.5583227157592776,0.1133123605590519
698.7131629010348,2.4295906066894535,0.11565008565490345
698.8739018854683,2.518056678771973,0.1247189881272572
699.0346778474438,2.6619516372680665,0.12747658435927203
699.195874641501,2.3997411727905273,0.12305150565691009
699.3567246723848,2.599506759643555,0.12875761743348368
699.5179957292264,2.743500900268555,0.13679213046829158
699.6789198631423,2.756045150756836,0.14268476125312277
699.8402652169818,2.6312938690185548,0.12939719198924224
700.0012634880694,2.3772842407226564,0.13519891816723145
700.162298796348,2.4295623779296878,0.13771431675468748
700.3237556155501,2.55318603515625,0.1411067461595255
700.484865112219,2.609586524963379,0.1249192176913516
700.6463963140001,2.3999498367309573,0.12580258418947868
700.807580033238,2.3619272232055666,0.12969962521296205
700.9691856518665,2.514174461364746,0.14360381631504807
701.1304436278684,2.378093147277832,0.14600513815019253
701.2917387008063,2.4396860122680666,0.15444289538981248
701.4534559646045,2.211918640136719,0.16485613964573445
701.614825345607,2.2717967987060548,0.17631796068529207
701.7766171119722,2.5021495819091797,0.191520539842583
701.9380608352736,2.2858097076416017,0.21232784227531987
702.0999271385292,2.5425638198852543,0.21659316754571367
702.2614452383795,2.598806953430176,0.20314109276845158
702.4230004950076,2.990208435058594,0.217707969637328
702.5849786235295,2.4707103729248048,0.2039517883550727
702.7466083080902,2.54840087890625,0.1894812392395626
702.9086610593602,2.334458923339844,0.18496638058823284
703.0703652061426,2.7645366668701175,0.1758276774858663
703.2324926145399,2.5724609375000003,0.15326948407345165
703.3942712578489,2.3901790618896483,0.13916364353308544
703.5560871178743,2.461116218566895,0.1392338165447927
703.7183265319251,2.3075887680053713,0.1539043401369973
703.8802169399437,2.574773406982422,0.17868519380771086
704.042531097118,2.698561477661133,0.193027301718386
704.2044960874749,2.7231962203979494,0.2085338883484031
704.3668850222073,2.5084211349487306,0.24489389939411121
704.5289246292625,2.1121923446655275,0.22275904920633172
704.6910015130686,2.526188087463379,0.21637124686821807
704.853502634133,2.6553335189819336,0.22599189089249805
705.0156541861872,2.405224418640137,0.21353217870855157
705.1782301709442,2.804160308837891,0.2281824040127073
705.3404564256468,2.0302453994750977,0.19969643467096185
705.5031073085868,2.520144844055176,0.19408662869973964
705.6654083003531,2.498221015930176,0.1935663915039056
705.8277466290021,2.231604385375977,0.17756649114904807
705.9905098792437,2.4523887634277344,0.17996529356537633
706.1529229965897,2.284000587463379,0.16851977088893383
706.3157612312881,2.546394920349121,0.1612231431670428
706.4782491717862,2.330241584777832,0.16701461586685412
706.6411624254871,2.081622314453125,0.16204684541230063
706.8037252236088,2.6157312393188477,0.1560122637268383
706.966325418842,2.468883323669434,0.1516609419706536
707.129351221106,2.531327056884766,0.1456050968608064
707.2920263256789,2.848383712768555,0.15073291228038527
707.4551272333586,2.7424228668212893,0.1546568764644882
707.6178772817823,2.6143514633178713,0.13933378513465508
707.7810533294786,2.510051536560059,0.12925609428586474
707.9438783562798,2.5297651290893555,0.1345050534979545
708.1067408405187,2.6291187286376956,0.13721079947651801
708.2700296183322,2.4029039382934574,0.1375304836958311
708.4329671327481,2.2897312164306642,0.13604556982500446
708.5963311371312,2.4128360748291016,0.13662943280182857
708.7593437162911,2.599770164489746,0.13605096565238614
708.9227829819008,2.453057098388672,0.1329046875659877
709.0858706603873,2.232717323303223,0.12996656624762146
709.2489958567344,2.5041587829589846,0.13175526640171786
709.412548034308,2.408002471923828,0.12638876649804578
709.575748381865,2.3050891876220705,0.12343973697208702
709.7393759073572,2.5273611068725588,0.1246854741575334
709.9026514407462,2.3144701004028323,0.12191873688065576
710.0663543488703,2.3785511016845704,0.12344704159893563
710.2297051027297,2.2142309188842773,0.12317795398463226
710.3930934349708,2.237965965270996,0.12370073089013423
710.5569094371987,2.320375442504883,0.1272561902835527
710.7203730418771,2.5032297134399415,0.12904484939427344
710.8842645135691,2.4286350250244144,0.12864226438665724
711.0478034253631,2.3800321578979493,0.12763021487884205
711.2117704012876,2.3146627426147464,0.1280942164222314
711.3753846548914,2.268144989013672,0.12870065498605135
711.5394271698339,2.1144392013549806,0.12731474241132443
711.7031167999579,2.388287162780762,0.12970905456028065
711.8668440864221,2.2881059646606445,0.12841365282428005
712.0309999300896,2.3304105758666993,0.12873616499343263
712.1948026451489,2.261500358581543,0.12769395736227265
712.3590341148463,2.463313484191895,0.1310325980275396
712.5229122932508,2.2549530029296876,0.13865423313948955
712.6872194238189,2.4496334075927737,0.18291425779797182
712.8511731003343,2.630585861206055,0.25400074139906526
713.0151644939344,2.639102363586426,0.28865624850444144
713.1795851360404,2.1090425491333007,0.26111070590433344
713.34365207991,2.6424615859985354,0.2699179060571672
713.5081484700396,3.1529502868652344,0.33282035426091716
713.6722909989855,2.425692939758301,0.28797684240521065
713.836863172036,2.3802459716796878,0.1801606577119675
714.0010813208805,2.375812530517578,0.1997468873853864
714.1653372476515,2.558378601074219,0.25647625070369423
714.3300231153469,2.5803455352783207,0.3219164075662006
714.4943547142592,2.3761743545532226,0.2887205572487445
714.6591164521687,2.3734039306640624,0.18480847501443778
714.8235237580845,2.393088722229004,0.1510167827478892
714.9883614011613,2.2325693130493165,0.14097271436239417
715.1528444489599,2.5871183395385744,0.15080041197011937
715.3173653356248,2.7374166488647464,0.21687240689221557
715.4823168567491,2.339589881896973,0.2449913255396178
715.6469135376236,2.3253576278686525,0.18826296915932783
715.8119410513495,2.360245704650879,0.1507669622991846
715.976613561352,2.0896148681640625,0.1390820613055456
716.1417171026893,2.236697769165039,0.1336114376735236
716.3064654767542,2.3493062973022463,0.1322755524921189
716.4712517507246,2.3297737121582034,0.13027553588882643
716.6364693538083,2.1908344268798827,0.1271969522212786
716.8013315442525,2.113443946838379,0.13409801152108997
716.9666252625225,2.0676048278808596,0.1381061653421387
717.131563404416,2.282263565063477,0.13987932233896683
717.2969332729391,2.3022563934326175,0.13494733580590249
717.461947401273,2.367177391052246,0.13207170139505595
717.626999490649,2.423018836975098,0.13213678056805417
717.7924836049128,2.3275974273681643,0.14081159708264443
717.9576117332253,2.4809814453125,0.18607003673708733
718.1231720854582,2.6984756469726565,0.33012259457128545
718.2883762877384,3.564578628540039,0.6063935633563081
718.4540129130635,1.0074690818786622,0.6653148807570274
718.619293224359,2.295943832397461,0.353846432114985
718.7846115579323,2.665409851074219,0.19681634764138708
718.9503626132899,1.9804140090942384,0.23987339812779696
719.1157571084592,2.492613410949707,0.3314938442274504
719.2815845247667,2.033702087402344,0.2597012752292175
719.4470552166196,2.116226387023926,0.1705086936802199
719.6129590290568,2.3412803649902343,0.13896203576867366
719.778505952698,2.248534393310547,0.13542257835594057
719.9440909599509,2.3964307785034182,0.14384988945398855
720.1101093870097,2.168711853027344,0.17586446275662404
720.2757706787164,2.1508825302124026,0.20394738289391087
720.4418655899038,2.0813554763793944,0.16975755302660592
720.6076032012086,2.136000061035156,0.1373681454237853
720.7737746317617,2.261891555786133,0.13061270309593503
720.9395885978251,2.335536575317383,0.1304982968503923
721.1054407089339,2.225615692138672,0.13651240303606757
721.2717269389951,2.636099243164063,0.15084562584368696
721.4376554576131,2.3928274154663085,0.18700417478302814
721.6040182951813,2.450094795227051,0.2567725959666975
721.7700232565096,2.156577301025391,0.24113859041658198
721.9364627368776,2.2364688873291017,0.16201380109954944
722.1025441761338,2.388321113586426,0.1360839774751941
722.2686638219677,2.2289146423339843,0.13173721351111353
722.4352182870292,2.248119926452637,0.13501160506436719
722.6014144636266,2.191168022155762,0.1473107604933816
722.7680456597715,2.3206674575805666,0.19894710060591314
722.9343184023903,3.4532100677490236,0.3330118170261177
723.1010263649689,2.9958059310913088,0.5981330189906163
723.2673757088832,1.0680391311645507,0.5107323732379541
723.4337633210071,2.9593584060668947,0.23996029885476888
723.6005864537626,2.281821632385254,0.15776553543580185
723.7670507201027,2.158722496032715,0.14389605482551898
723.9339507077178,2.2841527938842776,0.14421633619142327
724.1004916635895,2.49990348815918,0.14377099252513298
724.2674685414715,2.457102203369141,0.16939344284999003
724.4340862222056,3.2613353729248047,0.26911117166499077
724.6011400257782,2.4500143051147463,0.26203254960473876
724.7678344667221,2.1376865386962893,0.19666263637928247
724.9345672552652,2.397749328613281,0.1629850905085423
725.1017364679425,2.170180892944336,0.1482323274912331
725.268546069726,2.3998180389404298,0.14701954930697872
725.4357922967031,2.4442419052124027,0.17253096776600363
725.602678747115,2.8592266082763675,0.2505657049114489
725.7700020238728,2.996112632751465,0.45630243261430214
725.9369653583178,2.0687286376953127,0.4957729761398299
726.103967102221,1.866115951538086,0.3095860969539211
726.2714059742518,2.2944900512695314,0.17332558221889963
726.438484655304,2.059512710571289,0.1453479315122158
726.6060006658679,2.634473419189453,0.15085254136354154
726.7731563195144,2.223712730407715,0.14480593905971784
726.9407495041489,2.2425104141235352,0.14258287872940847
727.1079821658516,2.0412414550781253,0.14293821104826918
727.2752532989712,2.272519111633301,0.15084509392001436
727.4429622653473,2.508571815490723,0.15929640426736713
727.6103104597246,2.1154338836669924,0.19431722873323615
727.7780966890671,2.5228931427001955,0.2820394733085482
727.9455219802043,1.8682079315185547,0.29991319335154565
728.1133855081082,2.0585351943969727,0.19779305500890992
728.2808879315244,2.2952487945556643,0.14696243255269245
728.4484288884165,2.033994483947754,0.14049664933033507
728.6164083848314,2.3754940032958984,0.17391742582715478
728.78402652729,2.2543785095214846,0.3184154847317843
728.9520834113052,2.9227577209472657,0.5888771293369628
729.1197787748899,1.3745415687561036,0.4730266605755823
729.2879130821582,2.7935989379882815,0.2719482376189002
729.4556857024447,2.200871467590332,0.19062137245887575
729.6234969183665,2.112031936645508,0.15702953838560932
729.7917473812166,2.2645696640014648,0.14347728672675883
729.9596359072139,2.42934627532959,0.14627847517295742
730.1279638824992,2.388357734680176,0.15990975658206152
730.2959297541893,2.3427545547485353,0.15271813396399814
730.4643352776205,2.2496759414672853,0.14075915539226722
730.6323785306367,2.1091598510742187,0.1413873391493187
730.8004604415466,2.589694595336914,0.16893379122944735
730.9689823079323,2.2363784790039065,0.17210305073394264
731.1371416536283,2.5514167785644535,0.16316532262128736
731.3057411574857,2.6684959411621096,0.2133052789723959
731.4739779736419,2.171083450317383,0.29596618626582843
731.6426551507394,2.2137697219848635,0.26375096177312096
731.8109694730464,2.1570777893066406,0.18778090416415216
731.9793225156075,2.3740798950195314,0.15965965228848245
732.1481162233339,2.198636054992676,0.16534600441965613
732.316546825592,2.465627670288086,0.23856680806942754
732.4854182960285,2.4324920654296878,0.39552858469901353
732.6539264937156,2.4863241195678714,0.39839160636417215
732.8228757626879,2.525671195983887,0.23763889311145056
732.9914615915525,2.331721115112305,0.1593696444615238
733.1600862031312,1.9814271926879883,0.1389556544330424
733.3291521907097,2.6170667648315433,0.14505130087227072
733.4978544870983,2.173144721984863,0.139521004719034
733.6669983628273,2.3242717742919923,0.14553080532494128
733.8357783798152,2.385446548461914,0.15891348767181884
734.0050001795779,2.4661169052124023,0.15341634770250423
734.1738579529715,2.4212497711181644,0.1534262113916779
734.3427545716402,2.462841415405274,0.1614503439941255
734.5120932782899,2.375461959838867,0.1688084828078425
734.6810677070827,2.340345001220703,0.16493609967603298
734.8504844275254,2.2213706970214844,0.15759258500233297
735.0195367022901,2.0523447036743163,0.15277834094472192
735.1890314724669,2.462025833129883,0.15556215546070093
735.3581616290674,2.4163181304931642,0.18380463516486376
735.527330693605,2.613685989379883,0.22398567239526962
735.6969425592529,2.3653404235839846,0.19555014351914876
735.8661895594314,2.2266237258911135,0.16330821323812914
736.0358795647178,2.496196556091309,0.1637903266504384
736.2052045364428,2.170779800415039,0.17658602007712945
736.3749727173666,2.343329238891602,0.23612659419282522
736.5443756965592,2.0287508010864257,0.24873531257861084
736.7138176464523,2.252754783630371,0.19371763049411772
736.8837031117357,2.383832550048828,0.15357952849333079
737.0532231229888,2.12465763092041,0.14656411401437663
737.2231868539591,2.617946243286133,0.15599813087694633
737.3927849625358,2.119930648803711,0.14608367995607704
737.5628269952497,2.1856374740600586,0.14895637677212806
737.7325032371293,2.2786874771118164,0.15421157731052068
737.902623607661,2.3423015594482424,0.16204598307475113
738.07237801884,2.4557519912719727,0.1798912187075081
738.2421714815661,2.49302978515625,0.1862346466687006
738.4124093797711,2.389860153198242,0.16607619801248355
738.5822810658008,2.090932273864746,0.1462016259122585
738.7525973920594,2.186798667907715,0.14440327580414816
738.9225473374299,2.53924732208252,0.16797340990833465
739.0929421278745,2.6300731658935548,0.17131454466228205
739.2629703686405,2.195884895324707,0.15588895998456914
739.4330377239485,1.9457611083984376,0.15778287000875424
739.6035502316518,2.4182861328125003,0.16586712194719538
739.7736959364463,2.4297677993774416,0.17188208356511303
739.9442869987166,2.4574340820312504,0.19270227180804667
740.1145110890935,2.1690681457519534,0.1771640466531772
740.2851807421214,2.1645896911621096,0.1592202154097965
740.4554832541933,2.0292442321777346,0.1624934325862104
740.6258249439034,2.5109777450561523,0.21486706263132352
740.7966125040817,2.404332160949707,0.23980469346642008
740.9670326696653,2.1146772384643557,0.22140714400010442
741.1378989111283,2.2747470855712892,0.18745047245485874
741.3083975887391,2.3830394744873047,0.16770890582590536
741.4793425477354,2.332056427001953,0.15017721810534793
741.6499197735445,2.219156265258789,0.14290482297661267
741.8205362401897,2.027740287780762,0.14719797683233646
741.9915992965343,2.037772369384766,0.16355039277918396
742.1622943656436,2.2628602981567383,0.17569652434001357
742.3334362301949,2.330333518981934,0.1616108447755803
742.5042099379805,2.301884651184082,0.15598916546760602
742.6754306470458,2.0337722778320315,0.15434711240918345
742.8462830297367,2.1617271423339846,0.16204189349957276
743.0171747165638,2.2691654205322265,0.17827508713859175
743.1885137134822,2.3855037689208984,0.17579905118846334
743.3594841295679,2.2286907196044923,0.1765910829020494
743.5309020618196,2.0753217697143556,0.1894557492821806
743.7019512434351,2.4468603134155273,0.17704363254278804
743.873448147386,2.4261350631713867,0.16027182149527697
744.0445761308185,2.310989570617676,0.156204723140662
744.2157434817893,2.436290740966797,0.15736203445602995
744.387358864405,2.1552757263183593,0.15006406143294623
744.5586050716342,1.9766225814819336,0.15473445337241332
744.7302995169148,2.062968444824219,0.18105432139269517
744.9016246167314,2.163285827636719,0.2151214145089782
745.0733981611015,2.6479799270629885,0.23229167493842118
745.2448021898518,2.56805534362793,0.20864786206961
745.4162456496445,2.2760669708251955,0.20196575113747228
745.5881378637993,2.4891429901123048,0.2045890687172617
745.7596603070544,1.8545047760009767,0.17692001425510065
745.9316317114115,2.397797203063965,0.1697793022694055
746.1032331745171,2.528383255004883,0.17563235746450845
746.2752838055599,2.0241096496582034,0.16595929625427053
746.4469643249201,2.356857490539551,0.1750394824125467
746.6186843389299,2.4383773803710938,0.19547183437861632
746.7908538311851,2.1497636795043946,0.1880116187514482
746.9626529560668,2.234954261779785,0.1725929813438329
747.1349017662673,2.236946678161621,0.16682593365954385
747.3067800384673,2.18105525970459,0.17036929016205993
747.4791082031552,2.4018976211547853,0.1782667208052007
747.651065659137,2.471572303771973,0.17076248062600546
747.8230626734777,2.2134902954101565,0.16362505277909792
747.9955098911148,2.5114616394042972,0.17245764698163674
748.1675861439423,2.422375106811524,0.17948824452662782
748.3401128074734,2.3311594009399417,0.17875792438331922
748.5122683352929,2.3558107376098634,0.1802152822605337
748.6848744813194,2.554597091674805,0.18396862583256635
748.8571093206532,2.5003915786743165,0.18648768340944644
749.029383782158,2.135128211975098,0.18208103516955143
749.2021091731804,2.013828468322754,0.18176291648571954
749.3744630009925,2.008127212524414,0.18451262886981126
749.547267966064,2.0018869400024415,0.1879255500304188
