lid,spectrum,sample,exact,z,hb_class_0.1.0,hb_class_0.2.0,hb_c50_sys_0.1.0,hb_c50_sys_0.2.0,hb_delta_c50,hb_bic_margin_0.2.0,hb_n_broad_0.2.0,hb_fit_status_0.2.0,ha_class_0.1.0,ha_class_0.2.0,ha_c50_sys_0.1.0,ha_c50_sys_0.2.0,ha_delta_c50,ha_bic_margin_0.2.0,conti_feop_fwhm_0.2.0,conti_at_bound_0.2.0,feuv_fwhm_fixed_0.2.0,continuum_status_0.2.0
9000000000,spec-0651-52141-0072.fits,Liu+2014,True,0.229,C,C,-1243.534,-1243.496,0.038,17.217,3,success,C,C,-1061.017,-1061.086,-0.069,124.224,9956.177,feop_norm,False,success
9000000000,spec-7169-56628-0344.fits,Liu+2014,False,0.229,C,C,-1675.191,-1646.844,28.348,183.916,3,success,C,C,-1882.303,-1882.823,-0.520,519.777,1200.000,feop_fwhm,True,success
9000000001,spec-0652-52138-0326.fits,Liu+2014,True,0.220,C,C,78.008,82.533,4.525,4.479,2,success,C,C,-57.136,-57.293,-0.157,33.315,1548.691,,False,success
9000000001,spec-7169-56628-0665.fits,Liu+2014,False,0.220,C,C,345.160,349.997,4.838,4.891,2,success,C,C,-57.909,-58.319,-0.410,56.118,1498.557,,True,success
9000000002,spec-0389-51795-0379.fits,Liu+2014,True,0.505,A,A,698.463,666.638,-31.824,12.998,1,success,--,,,,,,1200.000,"feop_fwhm,feuv_fwhm,feuv_shift",False,success
9000000002,spec-7853-56988-0219.fits,Liu+2014,False,0.505,A,A,475.622,466.619,-9.003,0.707,1,success,A,A,473.620,471.187,-2.433,5.799,9999.940,"feop_norm,feuv_fwhm",False,success
9000000002,spec-9407-58041-0149.fits,Liu+2014,False,0.505,C,C,411.405,406.295,-5.110,9.108,2,success,A,A,355.789,352.347,-3.442,0.478,1200.918,"feop_norm,feuv_fwhm,feuv_shift",False,success
9000000003,spec-0753-52233-0253.fits,Liu+2014,True,0.588,F,C,214.647,195.906,-18.741,40.718,3,success,--,,,,,,1242.316,feuv_fwhm,False,success
9000000004,spec-0390-51816-0538.fits,Liu+2014,False,0.307,A,A,1573.663,1565.907,-7.755,9.126,1,success,A,A,1325.451,1327.078,1.626,5.436,1747.444,,True,success
9000000004,spec-0390-51900-0531.fits,Liu+2014,True,0.307,W,A,1405.883,1407.536,1.653,3.552,1,success,A,A,1185.281,1161.738,-23.543,12.095,1829.501,,True,success
9000000004,spec-7854-56989-0403.fits,Liu+2014,False,0.307,C,C,1481.465,1492.228,10.763,14.723,2,success,A,A,1320.402,1323.339,2.937,0.717,3754.835,,True,success
9000000004,spec-9405-58048-0714.fits,Liu+2014,False,0.307,A,C,735.796,676.434,-59.363,10.491,2,success,A,A,682.372,682.544,0.172,1.017,3962.514,,True,success
9000000005,spec-0390-51816-0153.fits,Liu+2014,False,0.505,W,W,-191.535,-202.051,-10.516,2.953,2,success,--,,,,,,1200.000,"feop_fwhm,feuv_fwhm",False,success
9000000005,spec-0390-51900-0157.fits,Liu+2014,True,0.505,W,W,-190.651,-213.576,-22.925,11.323,2,success,--,,,,,,1200.000,"feop_fwhm,feuv_fwhm,feuv_shift",False,success
9000000005,spec-7865-56955-0806.fits,Liu+2014,False,0.505,F,F,-77.149,-52.424,24.724,5.371,2,success,F,F,-167.771,-197.285,-29.514,5.832,1200.000,"feop_fwhm,feuv_fwhm",False,success
9000000005,spec-9347-58042-0621.fits,Liu+2014,False,0.505,F,F,6.267,4.960,-1.307,1.775,1,success,F,F,-71.036,-92.177,-21.140,6.571,1200.000,"feop_fwhm,feuv_fwhm,feuv_shift",False,success
9000000006,spec-0688-52203-0089.fits,Liu+2014,True,0.484,C,C,-564.761,-561.747,3.014,5.286,2,success,--,,,,,,5355.185,,False,success
9000000006,spec-7865-56955-0857.fits,Liu+2014,False,0.484,C,C,-83.600,-159.097,-75.498,1.165,2,success,A,A,-389.351,-389.634,-0.283,13.694,1442.385,feuv_fwhm,False,success
9000000006,spec-9347-58042-0684.fits,Liu+2014,False,0.484,C,C,-20.787,-102.715,-81.928,4.698,2,success,A,A,-343.190,-341.302,1.888,9.769,2040.798,feuv_fwhm,False,success
9000000007,spec-0392-51793-0520.fits,Liu+2014,True,0.252,C,C,157.933,160.835,2.902,10.241,2,success,F,F,293.629,292.793,-0.836,4.879,1477.591,,True,success
9000000007,spec-7868-57006-0816.fits,Liu+2014,False,0.252,C,C,113.228,137.608,24.381,1.546,2,success,C,C,74.405,71.249,-3.156,52.133,1340.796,,True,success
9000000007,spec-9409-58051-0237.fits,Liu+2014,False,0.252,C,C,148.107,174.151,26.043,1.187,2,success,C,C,82.562,81.104,-1.458,14.200,1643.155,,True,success
9000000008,spec-2327-53710-0112.fits,Liu+2014,True,0.594,A,A,-1795.778,-1791.961,3.816,3.480,1,success,--,,,,,,1200.275,"feuv_fwhm,feuv_shift",False,success
9000000008,spec-11046-58398-0811.fits,Liu+2014,False,0.594,A,A,-1326.167,-1302.629,23.538,1.702,1,success,--,,,,,,3034.816,feuv_shift,False,success
9000000009,spec-0656-52148-0450.fits,Liu+2014,True,0.446,C,C,-287.403,-282.579,4.825,17.221,3,success,--,,,,,,1789.543,feuv_fwhm,False,success
9000000010,spec-0420-51871-0248.fits,Liu+2014,True,0.138,W,W,149.942,149.327,-0.615,7.250,2,success,W,W,130.052,130.042,-0.010,65.795,1200.000,feop_fwhm,False,success
9000000011,spec-0692-52201-0421.fits,Liu+2014,False,0.400,A,F,304.096,295.620,-8.477,10.791,3,success,--,,,,,,1394.168,,True,success
9000000011,spec-1132-52903-0510.fits,Liu+2014,True,0.400,A,A,319.781,305.992,-13.789,10.115,2,success,--,,,,,,1305.814,,True,success
9000000011,spec-9412-58096-0077.fits,Liu+2014,False,0.400,A,A,336.415,346.824,10.409,44.530,3,success,A,A,323.919,324.544,0.626,50.607,1508.739,,False,success
9000000012,spec-0658-52146-0548.fits,Liu+2014,True,0.357,F,F,193.163,207.728,14.565,30.832,3,success,F,F,48.502,45.452,-3.050,15.953,1200.000,feop_fwhm,True,success
9000000013,spec-0422-51811-0336.fits,Liu+2014,True,0.514,F,F,-270.577,-274.679,-4.102,5.738,2,success,--,,,,,,2095.506,"feuv_fwhm,feuv_shift",False,success
9000000013,spec-0422-51878-0330.fits,Liu+2014,False,0.514,F,F,-239.001,-246.286,-7.285,3.257,2,success,--,,,,,,1699.660,"feuv_fwhm,feuv_shift",False,success
9000000014,spec-0659-52199-0209.fits,Liu+2014,True,0.468,F,F,291.660,291.490,-0.170,10.158,2,success,--,,,,,,2348.801,feop_norm,False,success
9000000015,spec-0659-52199-0111.fits,Liu+2014,True,0.180,C,A,-388.831,-645.106,-256.275,11.969,1,success,A,A,-306.800,-316.613,-9.813,22.369,3005.815,pl_alpha,False,success
9000000016,spec-2061-53405-0007.fits,Liu+2014,False,0.655,A,A,769.859,648.234,-121.625,5.341,1,success,--,,,,,,1200.000,"feop_fwhm,feuv_fwhm",False,success
9000000016,spec-2061-53711-0019.fits,Liu+2014,True,0.655,C,C,709.490,711.475,1.985,10.115,2,success,--,,,,,,1200.000,feop_fwhm,False,success
9000000016,spec-7727-58152-0916.fits,Liu+2014,False,0.655,A,A,373.805,379.585,5.780,1.691,2,success,--,,,,,,2742.837,"feop_shift,feuv_fwhm,feuv_shift",False,success
9000000017,spec-0661-52163-0633.fits,Liu+2014,True,0.359,A,C,-638.021,-490.245,147.776,11.130,2,success,A,A,-607.278,-606.244,1.034,14.689,1306.061,feop_shift,True,success
9000000018,spec-0429-51820-0303.fits,Liu+2014,True,0.267,B,B,-162.016,-235.329,-73.313,30.804,3,success,F,F,49.981,50.807,0.826,55.902,1200.002,feuv_shift,True,success
9000000018,spec-11052-58438-0416.fits,Liu+2014,False,0.267,A,A,808.373,526.017,-282.356,10.354,2,success,A,A,364.222,366.052,1.830,3.987,8676.542,feuv_shift,True,success
9000000019,spec-1505-52941-0347.fits,Liu+2014,True,0.453,C,C,-144.616,-140.807,3.810,10.384,3,success,--,,,,,,1405.666,,False,success
9000000019,spec-7840-57003-0768.fits,Liu+2014,False,0.453,C,C,153.009,153.357,0.348,14.050,2,success,F,F,56.625,55.700,-0.925,12.984,1897.129,,False,success
9000000019,spec-9390-58103-0285.fits,Liu+2014,False,0.453,C,C,-33.026,-42.882,-9.856,11.571,2,success,F,F,-58.746,-62.170,-3.425,4.770,1340.339,feuv_fwhm,False,success
9000000020,spec-0666-52149-0187.fits,Liu+2014,True,0.360,B,B,539.267,528.213,-11.054,49.979,3,success,C,C,190.302,190.632,0.330,60.837,2141.927,feuv_shift,True,success
9000000020,spec-7184-56629-0074.fits,Liu+2014,False,0.360,C,F,164.484,150.870,-13.614,22.635,3,success,C,C,154.778,171.061,16.284,96.005,5017.560,"feuv_fwhm,feuv_shift",False,success
9000000021,spec-0404-51812-0190.fits,Liu+2014,True,0.441,C,C,-549.747,-536.047,13.700,2.661,2,success,--,,,,,,1200.235,,False,success
9000000021,spec-0404-51877-0185.fits,Liu+2014,False,0.441,C,C,-371.209,-396.897,-25.688,15.848,2,success,--,,,,,,1828.531,,False,success
9000000021,spec-7837-56987-0182.fits,Liu+2014,False,0.441,A,C,-689.590,-730.909,-41.319,5.674,2,success,F,F,-202.878,-203.759,-0.881,15.592,2534.916,"feuv_fwhm,feuv_shift",False,success
9000000021,spec-9384-58080-0899.fits,Liu+2014,False,0.441,F,F,-79.384,-82.051,-2.667,0.189,1,success,F,F,-83.881,-83.230,0.651,20.095,1201.155,feop_norm,False,success
9000000022,spec-0428-51883-0108.fits,Liu+2014,True,0.408,C,A,337.197,346.647,9.450,35.011,3,success,--,,,,,,1200.000,"feop_fwhm,feuv_shift",True,success
9000000023,spec-0406-51817-0371.fits,Liu+2014,False,0.354,C,C,2212.849,2203.313,-9.536,19.516,3,success,C,C,1633.147,1632.876,-0.270,31.031,2620.060,,True,success
9000000023,spec-0406-51869-0374.fits,Liu+2014,True,0.354,A,C,2070.497,2033.098,-37.399,17.735,3,success,C,C,1529.369,1529.395,0.027,47.408,2629.211,,True,success
9000000023,spec-0406-51876-0379.fits,Liu+2014,False,0.354,B,B,2040.620,2040.871,0.251,7.002,2,success,C,C,1596.822,1596.834,0.012,49.975,2615.602,feop_shift,True,success
9000000023,spec-0406-51900-0374.fits,Liu+2014,False,0.354,B,B,2153.129,2129.716,-23.413,17.056,3,success,B,B,1608.633,1606.455,-2.179,29.189,1200.058,,True,success
9000000023,spec-0406-52238-0363.fits,Liu+2014,False,0.354,B,B,2192.384,2191.467,-0.917,9.473,2,success,C,C,1591.838,1591.815,-0.023,65.815,1940.750,feop_shift,True,success
9000000023,spec-7830-57043-0008.fits,Liu+2014,False,0.354,C,C,1887.669,1865.959,-21.710,14.301,2,success,C,C,1480.918,1480.461,-0.457,94.952,2308.071,"feop_shift,feuv_fwhm",False,success
9000000023,spec-7831-57016-0781.fits,Liu+2014,False,0.354,B,B,2005.702,1984.774,-20.927,9.126,2,success,C,C,1491.631,1495.477,3.846,118.275,1200.000,feop_fwhm,True,success
9000000023,spec-9382-57746-0685.fits,Liu+2014,False,0.354,B,B,2071.392,2071.059,-0.334,4.715,2,success,C,C,1566.903,1566.882,-0.021,104.138,1811.660,feop_shift,True,success
9000000024,spec-2399-53764-0434.fits,Liu+2014,True,0.507,C,A,342.245,385.676,43.431,56.459,3,success,--,,,,,,1500.812,feuv_fwhm,False,success
9000000025,spec-0456-51910-0133.fits,Liu+2014,True,0.148,F,F,95.274,90.954,-4.321,3.990,2,success,W,W,37.846,36.303,-1.543,36.070,1224.434,,False,success
9000000026,spec-1511-52946-0197.fits,Liu+2014,True,0.564,A,A,397.590,405.937,8.347,10.591,1,success,--,,,,,,1200.000,feop_fwhm,False,success
9000000026,spec-6782-56273-0074.fits,Liu+2014,False,0.564,A,A,463.566,449.574,-13.992,4.274,2,success,--,,,,,,1416.787,,False,success
9000000026,spec-6782-56572-0068.fits,Liu+2014,False,0.564,A,C,513.124,494.382,-18.743,0.420,2,success,--,,,,,,1340.199,,False,success
9000000026,spec-6782-56576-0072.fits,Liu+2014,False,0.564,A,C,532.018,522.466,-9.552,0.772,2,success,--,,,,,,1200.000,"feop_fwhm,feuv_fwhm,feuv_shift",False,success
9000000026,spec-6782-56602-0080.fits,Liu+2014,False,0.564,A,A,591.351,577.541,-13.810,2.160,1,success,--,,,,,,1200.000,"feop_fwhm,feuv_fwhm",False,success
9000000026,spec-7822-57041-0698.fits,Liu+2014,False,0.564,A,A,543.377,540.743,-2.633,6.041,1,success,C,C,121.500,121.452,-0.048,12.332,9956.000,"feop_norm,feuv_fwhm",False,success
9000000026,spec-9371-58073-0198.fits,Liu+2014,False,0.564,A,A,373.370,373.272,-0.098,6.907,1,success,--,,,,,,1200.000,"feop_fwhm,feop_shift,feuv_shift",False,success
9000000027,spec-1067-52616-0397.fits,Liu+2014,True,0.471,W,W,-214.683,-218.824,-4.142,8.326,2,success,--,,,,,,1376.196,feuv_fwhm,False,success
9000000027,spec-1068-52614-0629.fits,Liu+2014,False,0.471,C,C,-247.280,-247.092,0.188,2.197,2,success,--,,,,,,1634.863,,False,success
9000000027,spec-7820-56984-0954.fits,Liu+2014,False,0.471,F,F,-177.546,-178.481,-0.935,2.223,2,success,F,F,-173.165,-172.213,0.952,17.184,1459.010,"feuv_fwhm,feuv_shift",False,success
9000000027,spec-9370-58056-0003.fits,Liu+2014,False,0.471,F,F,-147.484,-151.971,-4.487,4.528,2,success,F,F,-128.116,-127.306,0.810,32.174,1200.000,"feop_fwhm,feuv_fwhm,feuv_shift",False,success
9000000028,spec-0709-52205-0594.fits,Liu+2014,False,0.402,C,C,299.518,301.702,2.183,13.006,2,success,--,,,,,,1203.359,,True,success
9000000028,spec-0710-52203-0389.fits,Liu+2014,False,0.402,A,A,509.488,497.271,-12.217,3.811,1,success,--,,,,,,1238.818,,True,success
9000000028,spec-0803-52264-0342.fits,Liu+2014,False,0.402,A,A,537.078,537.927,0.849,2.618,1,success,--,,,,,,1329.636,,True,success
9000000028,spec-0803-52297-0323.fits,Liu+2014,False,0.402,F,F,-85.667,-77.911,7.757,0.919,1,success,--,,,,,,6795.235,"feop_shift,feuv_shift",True,success
9000000028,spec-0803-52318-0336.fits,Liu+2014,True,0.402,C,C,307.726,307.799,0.073,11.053,2,success,--,,,,,,1227.746,feuv_shift,True,success
9000000029,spec-0460-51924-0425.fits,Liu+2014,True,0.714,A,A,739.362,738.921,-0.441,3.042,1,success,--,,,,,,9956.000,"feop_norm,feuv_fwhm",False,success
9000000030,spec-0460-51924-0228.fits,Liu+2014,True,0.704,A,A,-601.521,-602.075,-0.554,3.863,1,success,--,,,,,,1200.000,"feop_fwhm,feuv_fwhm",False,success
9000000031,spec-0414-51869-0328.fits,Liu+2014,False,0.185,C,C,-285.624,-287.205,-1.582,14.853,3,success,A,A,-325.152,-326.214,-1.063,161.833,1471.177,,False,success
9000000031,spec-0414-51901-0341.fits,Liu+2014,True,0.185,C,C,-280.879,-281.351,-0.472,11.496,3,success,A,A,-325.968,-326.276,-0.308,221.856,1348.247,,False,success
9000000031,spec-1181-53358-0329.fits,Liu+2014,False,0.185,C,C,-318.192,-228.401,89.791,59.006,3,success,C,F,-323.628,-187.516,136.112,9.870,1946.254,,False,success
9000000032,spec-1516-52933-0118.fits,Liu+2014,False,0.304,C,C,680.619,680.610,-0.009,11.927,2,success,C,C,414.984,414.973,-0.011,13.075,1860.365,feop_norm,True,success
9000000032,spec-1517-52934-0306.fits,Liu+2014,True,0.304,C,C,761.123,762.141,1.018,7.477,2,success,C,C,422.371,422.280,-0.091,9.329,10000.000,"feop_fwhm,feuv_shift",True,success
9000000033,spec-2302-53709-0365.fits,Liu+2014,True,0.513,F,F,-296.425,-295.704,0.721,5.263,2,success,--,,,,,,1778.816,feuv_fwhm,False,success
9000000034,spec-2073-53728-0474.fits,Liu+2014,True,0.525,C,A,321.776,317.230,-4.547,34.777,3,success,--,,,,,,1739.769,"feuv_fwhm,feuv_shift",False,success
9000000035,spec-0541-51959-0225.fits,Liu+2014,True,0.334,W,W,-73.912,-75.277,-1.365,10.562,3,success,W,W,-7.217,-7.236,-0.019,23.530,1532.050,feop_shift,True,success
9000000036,spec-0432-51884-0382.fits,Liu+2014,True,0.292,A,A,-1112.082,-1111.732,0.350,77.039,3,success,A,A,-1087.852,-1088.302,-0.450,33.497,9412.369,"feop_norm,feuv_shift",True,success
9000000037,spec-1263-52708-0255.fits,Liu+2014,True,0.704,A,A,-442.927,-448.771,-5.845,8.403,2,success,--,,,,,,1421.929,feuv_fwhm,False,success
9000000038,spec-0755-52235-0046.fits,Liu+2014,True,0.462,B,B,1694.103,1665.201,-28.901,15.582,2,success,--,,,,,,1604.895,feop_shift,False,success
9000000039,spec-1263-52708-0075.fits,Liu+2014,True,0.263,F,F,-46.504,-47.654,-1.150,2.043,2,success,F,F,-85.483,-85.508,-0.025,50.479,1200.065,feuv_shift,True,success
9000000040,spec-0756-52237-0201.fits,Liu+2014,False,0.281,F,F,-250.404,-250.641,-0.237,12.347,2,success,F,F,-283.347,-283.525,-0.178,3.670,1200.000,"feop_fwhm,feuv_shift",True,success
9000000040,spec-0756-52577-0225.fits,Liu+2014,True,0.281,C,C,-284.360,-279.537,4.823,11.593,2,success,F,F,-260.137,-264.461,-4.324,4.331,9327.378,feop_norm,True,success
9000000041,spec-0756-52237-0205.fits,Liu+2014,False,0.330,F,F,208.455,193.479,-14.977,4.142,2,success,F,F,173.659,171.677,-1.983,6.807,1200.000,feop_fwhm,True,success
9000000041,spec-0756-52577-0226.fits,Liu+2014,True,0.330,F,F,193.877,187.689,-6.188,5.344,2,success,F,F,39.778,34.601,-5.177,3.460,1200.000,feop_fwhm,True,success
9000000042,spec-1736-53052-0620.fits,Liu+2014,True,0.192,C,C,376.664,412.721,36.057,5.206,2,success,F,F,188.826,187.291,-1.535,77.854,1485.771,,False,success
9000000042,spec-8276-57067-0795.fits,Liu+2014,False,0.192,A,A,329.142,329.153,0.011,111.879,3,success,F,F,146.244,146.244,-0.000,2.564,9955.798,"feop_norm,feop_shift,feuv_shift",True,success
9000000042,spec-8305-57749-0411.fits,Liu+2014,False,0.192,C,C,381.356,353.701,-27.655,23.605,3,success,F,F,112.703,111.639,-1.064,23.440,1200.000,"feop_fwhm,feuv_norm,feuv_shift",True,success
9000000043,spec-0542-51993-0560.fits,Liu+2014,True,0.132,F,F,256.203,256.140,-0.063,19.255,3,success,F,F,226.616,226.637,0.021,102.465,2167.016,pl_alpha,False,success
9000000044,spec-1920-53314-0157.fits,Liu+2014,True,0.186,F,F,-253.501,-253.499,0.002,11.619,3,success,F,F,-165.003,-165.007,-0.004,0.720,7612.400,"feop_norm,feop_shift",False,success
9000000045,spec-1060-52636-0056.fits,Liu+2014,True,0.340,W,W,-302.949,-298.143,4.806,13.308,2,success,W,W,-259.468,-260.610,-1.142,10.315,1365.900,,True,success
9000000045,spec-3166-54830-0059.fits,Liu+2014,False,0.340,W,W,-206.683,-205.915,0.768,1.802,2,success,W,W,-232.085,-232.036,0.049,0.491,1631.883,,True,success
9000000046,spec-1150-52644-0109.fits,Liu+2014,True,0.655,C,C,-208.237,-185.590,22.647,33.220,3,success,--,,,,,,1200.000,"feop_fwhm,feuv_fwhm",False,success
9000000047,spec-2266-53679-0384.fits,Liu+2014,True,0.612,A,A,-349.433,-364.009,-14.577,13.391,1,success,--,,,,,,2026.796,,False,success
9000000048,spec-0437-51869-0222.fits,Liu+2014,True,0.212,C,C,-141.290,-158.462,-17.172,150.074,3,success,F,F,-125.669,-126.262,-0.593,72.732,1876.338,,False,success
9000000048,spec-0437-51876-0234.fits,Liu+2014,False,0.212,F,C,-114.804,-147.525,-32.721,67.819,3,success,F,F,-151.629,-153.031,-1.403,97.574,1745.016,,False,success
9000000048,spec-3674-55182-0998.fits,Liu+2014,False,0.212,C,C,-167.360,-170.499,-3.139,57.614,3,success,F,F,-147.155,-147.418,-0.263,159.060,1458.162,,True,success
9000000048,spec-8291-57391-0871.fits,Liu+2014,False,0.212,C,C,-147.634,-150.691,-3.056,23.435,3,success,C,C,-128.418,-129.443,-1.025,141.632,1200.046,feuv_shift,True,success
9000000049,spec-2419-54139-0376.fits,Liu+2014,True,0.205,C,C,522.655,523.856,1.201,114.913,3,success,A,A,472.186,471.908,-0.278,33.236,1200.303,,False,success
9000000050,spec-0437-51869-0534.fits,Liu+2014,True,0.449,C,C,311.747,311.560,-0.188,149.327,3,success,--,,,,,,1456.233,"feop_norm,feuv_fwhm",False,success
9000000050,spec-0437-51876-0538.fits,Liu+2014,False,0.449,C,C,259.234,259.110,-0.124,139.067,3,success,--,,,,,,9956.000,"feop_norm,feuv_fwhm",False,success
9000000051,spec-1205-52670-0493.fits,Liu+2014,True,0.137,A,A,-343.235,-352.706,-9.470,7.958,1,success,F,F,-241.125,-234.009,7.116,5.884,3417.372,pl_alpha,False,success
9000000052,spec-0438-51884-0570.fits,Liu+2014,True,0.417,A,A,448.699,448.696,-0.003,9.529,2,success,--,,,,,,1244.000,"feop_norm,feuv_shift",True,success
9000000052,spec-7378-56715-0480.fits,Liu+2014,False,0.417,C,C,-37.387,-38.698,-1.311,10.246,2,success,F,F,-70.993,-71.396,-0.404,8.052,9956.000,"feop_norm,feuv_fwhm",False,success
9000000053,spec-1924-53330-0139.fits,Liu+2014,True,0.731,C,C,-391.946,-394.959,-3.014,13.329,2,success,--,,,,,,1200.000,"feop_fwhm,feuv_fwhm",False,success
9000000053,spec-11109-58523-0403.fits,Liu+2014,False,0.731,C,C,-407.762,-392.481,15.281,64.625,3,success,--,,,,,,1554.778,feuv_fwhm,False,success
9000000054,spec-1924-53330-0140.fits,Liu+2014,True,0.638,A,A,-370.722,-418.976,-48.253,10.462,1,success,--,,,,,,2335.049,feuv_fwhm,False,success
9000000054,spec-11109-58523-0417.fits,Liu+2014,False,0.638,F,F,-88.089,-86.212,1.878,6.229,1,success,--,,,,,,2179.418,,False,success
9000000055,spec-1872-53386-0436.fits,Liu+2014,True,0.276,C,C,1443.337,1426.388,-16.949,13.971,2,success,C,C,850.273,845.530,-4.743,35.570,2953.658,,True,success
9000000055,spec-7280-56709-0690.fits,Liu+2014,False,0.276,C,C,1199.075,1199.028,-0.047,10.643,3,success,C,C,777.245,777.255,0.010,42.450,1464.551,feuv_shift,True,success
9000000056,spec-2420-54086-0433.fits,Liu+2014,True,0.421,F,F,-289.896,-286.667,3.229,2.076,1,success,--,,,,,,2082.159,,True,success
9000000057,spec-0546-52205-0132.fits,Liu+2014,True,0.507,C,C,679.130,679.205,0.075,26.964,2,success,--,,,,,,5757.391,,False,success
9000000057,spec-8292-57373-0116.fits,Liu+2014,False,0.507,C,C,467.778,462.668,-5.110,14.363,2,success,C,C,323.988,323.834,-0.153,17.631,1200.000,feop_fwhm,False,success
9000000058,spec-0930-52618-0401.fits,Liu+2014,True,0.162,F,F,236.609,236.606,-0.004,5.894,1,success,F,F,82.655,82.653,-0.002,4.047,1243.946,feop_norm,False,success
9000000059,spec-0892-52378-0551.fits,Liu+2014,True,0.661,A,C,805.974,620.981,-184.993,11.031,2,success,--,,,,,,1887.886,,False,success
9000000059,spec-9359-58056-0183.fits,Liu+2014,False,0.661,C,A,301.905,366.455,64.550,1.339,1,success,--,,,,,,1682.772,feuv_fwhm,False,success
9000000060,spec-1925-53327-0441.fits,Liu+2014,True,0.163,F,F,239.508,239.507,-0.001,15.198,2,success,F,F,140.733,140.735,0.002,15.726,2396.189,feop_norm,False,success
9000000060,spec-11109-58523-0851.fits,Liu+2014,False,0.163,W,A,139.189,301.572,162.384,2.039,2,success,W,A,94.314,304.820,210.507,20.109,1200.000,feop_fwhm,False,success
9000000061,spec-2420-54086-0061.fits,Liu+2014,True,0.361,A,A,344.341,344.149,-0.192,11.689,1,success,C,C,94.552,94.541,-0.011,5.851,5783.155,feop_norm,True,success
9000000062,spec-1927-53321-0285.fits,Liu+2014,True,0.669,A,A,636.803,633.471,-3.332,2.455,1,success,--,,,,,,9956.000,"feop_norm,feuv_fwhm",False,success
9000000062,spec-11108-58467-0394.fits,Liu+2014,False,0.669,C,C,546.961,546.920,-0.041,13.824,2,success,--,,,,,,1228.474,"feop_norm,feuv_fwhm",False,success
9000000063,spec-0443-51873-0299.fits,Liu+2014,True,0.513,F,F,-230.959,-236.308,-5.349,10.519,2,success,--,,,,,,2245.205,feuv_shift,False,success
9000000063,spec-7378-56715-0924.fits,Liu+2014,False,0.513,F,F,-144.435,-81.195,63.240,4.660,1,success,A,A,-354.445,-358.712,-4.267,4.999,1200.002,,False,success
9000000064,spec-0444-51883-0300.fits,Liu+2014,True,0.338,C,C,644.627,644.635,0.008,4.817,2,success,A,A,467.793,467.858,0.065,3.106,2391.626,"feop_norm,feop_shift",True,success
9000000064,spec-7301-56746-0032.fits,Liu+2014,False,0.338,C,C,394.657,394.005,-0.652,11.963,2,success,A,A,306.707,306.722,0.015,12.452,2729.810,"feop_norm,feop_shift",True,success
9000000065,spec-0442-51882-0572.fits,Liu+2014,True,0.356,C,C,579.523,579.666,0.143,0.961,2,success,A,A,511.728,511.772,0.044,6.532,1352.488,feop_norm,True,success
9000000065,spec-7310-56693-0704.fits,Liu+2014,False,0.356,F,F,58.142,58.181,0.039,29.382,3,success,F,F,49.161,49.110,-0.051,155.129,1759.198,"feop_norm,feop_shift",True,success
9000000066,spec-1267-52932-0066.fits,Liu+2014,True,0.321,A,A,1332.437,1332.438,0.002,3.636,2,success,C,C,940.895,940.897,0.002,22.029,9999.999,"feop_norm,feop_fwhm,feop_shift",True,success
9000000066,spec-9612-57801-0240.fits,Liu+2014,False,0.321,C,C,648.592,648.607,0.015,3.568,2,success,C,C,479.583,479.597,0.014,67.668,7610.526,"feop_norm,feop_shift",True,success
9000000066,spec-10658-58439-0416.fits,Liu+2014,False,0.321,A,A,894.379,893.796,-0.582,0.604,1,success,A,A,406.855,406.848,-0.007,7.897,9956.000,"feop_norm,feuv_shift",True,success
9000000066,spec-11124-58430-0828.fits,Liu+2014,False,0.321,A,A,643.353,643.303,-0.050,2.339,1,success,A,A,444.346,444.359,0.013,4.906,8344.054,feop_norm,True,success
9000000067,spec-1586-52945-0131.fits,Liu+2014,True,0.482,C,C,508.014,516.120,8.106,0.533,2,success,--,,,,,,1460.305,,False,success
9000000067,spec-9607-58085-0837.fits,Liu+2014,False,0.482,C,C,507.746,527.180,19.434,19.595,3,success,A,A,362.211,452.006,89.795,0.093,1230.583,,False,success
9000000067,spec-11124-58430-0182.fits,Liu+2014,False,0.482,A,A,453.790,445.468,-8.322,8.732,2,success,A,A,369.037,372.840,3.804,10.515,1200.000,feop_fwhm,False,success
9000000068,spec-1267-52932-0578.fits,Liu+2014,True,0.293,C,A,569.465,581.016,11.552,0.803,1,success,A,A,329.405,327.737,-1.668,16.100,1502.272,,True,success
9000000068,spec-10657-58157-0020.fits,Liu+2014,False,0.293,C,C,463.801,468.000,4.199,3.562,2,success,C,C,381.534,378.657,-2.876,25.895,1579.347,,True,success
9000000069,spec-1297-52963-0439.fits,Liu+2014,True,0.399,C,C,394.792,396.553,1.761,11.685,2,success,--,,,,,,2108.984,,True,success
9000000070,spec-0444-51883-0245.fits,Liu+2014,True,0.395,F,A,-253.426,-437.382,-183.956,9.006,1,success,--,,,,,,2817.397,,True,success
9000000070,spec-7302-57012-0395.fits,Liu+2014,False,0.395,A,A,-364.903,-365.269,-0.366,4.905,1,success,A,A,-840.319,-840.606,-0.287,1.376,1419.576,,False,success
9000000071,spec-1267-52932-0631.fits,Liu+2014,True,0.777,F,F,215.498,216.999,1.501,12.823,2,success,--,,,,,,1303.016,"feop_norm,feuv_fwhm",False,success
9000000071,spec-4455-55539-0018.fits,Liu+2014,False,0.777,F,F,193.595,192.575,-1.021,33.404,3,success,--,,,,,,9956.000,"feop_norm,feuv_fwhm",False,success
9000000071,spec-9611-58107-0500.fits,Liu+2014,False,0.777,F,F,99.235,100.868,1.634,4.377,2,success,--,,,,,,9935.290,"feop_norm,feuv_fwhm",False,success
9000000071,spec-9611-58136-0500.fits,Liu+2014,False,0.777,F,F,41.209,35.368,-5.841,11.379,2,success,--,,,,,,9999.780,"feop_norm,feuv_fwhm",False,success
9000000071,spec-10658-58439-0222.fits,Liu+2014,False,0.777,F,F,109.861,115.435,5.574,6.440,2,success,--,,,,,,9956.000,"feop_norm,feuv_fwhm",False,success
9000000072,spec-2572-54056-0609.fits,Liu+2014,True,0.656,C,C,1050.273,1051.267,0.994,4.113,2,success,--,,,,,,1826.653,feuv_fwhm,False,success
9000000073,spec-1208-52672-0016.fits,Liu+2014,True,0.506,A,A,-394.532,-550.449,-155.917,6.985,2,success,--,,,,,,1634.696,feuv_fwhm,False,success
9000000073,spec-10664-58464-0344.fits,Liu+2014,False,0.506,C,C,-586.980,-588.618,-1.639,10.732,2,success,A,A,-607.760,-612.678,-4.918,1.520,1507.385,,False,success
9000000074,spec-1759-53081-0447.fits,Liu+2014,True,0.686,A,A,-544.320,-619.522,-75.203,0.317,1,success,--,,,,,,1625.776,feuv_fwhm,False,success
9000000075,spec-2426-53795-0625.fits,Liu+2014,True,0.680,A,A,516.759,517.588,0.829,13.057,2,success,--,,,,,,1200.000,"feop_fwhm,feuv_fwhm,feuv_shift",False,success
9000000076,spec-0865-52323-0094.fits,Liu+2014,True,0.453,A,A,477.129,473.486,-3.643,5.792,2,success,--,,,,,,1272.680,,False,success
9000000076,spec-8859-57452-0770.fits,Liu+2014,False,0.453,A,A,573.440,572.191,-1.249,34.389,3,success,A,A,466.880,466.938,0.058,49.724,1200.010,feuv_fwhm,False,success
9000000077,spec-1932-53350-0420.fits,Liu+2014,True,0.299,C,A,-458.742,-455.741,3.001,14.350,2,success,A,A,-387.647,-387.734,-0.087,10.368,1323.457,feuv_shift,True,success
9000000077,spec-10660-58466-0338.fits,Liu+2014,False,0.299,A,A,537.666,452.930,-84.736,14.669,1,success,C,C,-239.643,-240.592,-0.949,10.508,2652.457,,True,success
9000000078,spec-2280-53680-0062.fits,Liu+2014,True,0.461,A,A,713.771,713.765,-0.006,14.627,2,success,--,,,,,,1211.796,,False,success
9000000078,spec-5175-55955-0542.fits,Liu+2014,False,0.461,A,A,369.551,357.827,-11.725,10.681,2,success,F,F,169.628,168.319,-1.309,9.469,1313.468,,False,success
9000000078,spec-9564-57817-0493.fits,Liu+2014,False,0.461,C,C,414.788,394.467,-20.321,3.867,2,success,F,F,172.631,171.002,-1.629,3.911,1200.000,feop_fwhm,False,success
9000000078,spec-11096-58485-0087.fits,Liu+2014,False,0.461,C,C,678.117,678.049,-0.067,5.060,2,success,A,A,353.561,353.570,0.009,10.854,1229.120,,False,success
9000000079,spec-2283-53729-0243.fits,Liu+2014,True,0.358,A,A,-303.902,-304.085,-0.183,0.662,1,success,A,A,-372.913,-368.767,4.146,8.613,1200.830,,True,success
9000000079,spec-9551-57801-0592.fits,Liu+2014,False,0.358,C,C,-14.725,-12.834,1.891,7.484,2,success,F,F,-277.146,-277.142,0.003,1.566,1972.653,,True,success
9000000079,spec-11087-58488-0795.fits,Liu+2014,False,0.358,C,C,273.272,267.138,-6.134,29.423,3,success,C,C,-191.137,-190.698,0.439,22.444,2803.199,feuv_shift,True,success
9000000080,spec-0469-51913-0238.fits,Liu+2014,True,0.455,C,A,-412.873,-418.509,-5.636,1.362,1,success,--,,,,,,1200.664,,False,success
9000000081,spec-1272-52989-0296.fits,Liu+2014,True,0.559,A,A,713.208,672.951,-40.258,0.008,1,success,--,,,,,,1584.189,"feuv_fwhm,feuv_shift",False,success
9000000081,spec-10238-58155-0206.fits,Liu+2014,False,0.559,C,A,689.607,677.603,-12.003,9.707,2,success,--,,,,,,1800.260,feuv_fwhm,False,success
9000000082,spec-0565-52225-0613.fits,Liu+2014,True,0.450,F,F,-94.307,-160.517,-66.210,21.376,3,success,--,,,,,,1746.694,feuv_fwhm,False,success
9000000083,spec-2432-54052-0101.fits,Liu+2014,True,0.636,A,A,-517.413,-467.641,49.772,0.453,1,success,--,,,,,,1782.710,,False,success
9000000084,spec-1198-52669-0040.fits,Liu+2014,True,0.577,A,A,765.717,733.642,-32.075,1.611,1,success,--,,,,,,3912.879,,False,success
9000000084,spec-8830-57447-0261.fits,Liu+2014,False,0.577,C,C,597.904,618.668,20.763,2.700,2,success,--,,,,,,1432.642,"feop_shift,feuv_fwhm,feuv_shift",False,success
9000000085,spec-0831-52294-0169.fits,Liu+2014,True,0.226,C,C,-615.174,-691.077,-75.904,3.971,2,success,C,C,-559.851,-446.787,113.064,57.138,2732.253,,False,success
9000000085,spec-8297-57416-0557.fits,Liu+2014,False,0.226,F,F,-152.780,-144.977,7.803,24.590,3,success,F,F,-51.572,-51.166,0.405,177.402,2963.175,,True,success
9000000086,spec-1935-53387-0432.fits,Liu+2014,True,0.551,F,F,248.170,239.578,-8.592,14.987,2,success,--,,,,,,1889.992,"feuv_fwhm,feuv_shift",False,success
9000000086,spec-9603-58132-0672.fits,Liu+2014,False,0.551,A,A,334.497,325.024,-9.473,11.090,2,success,A,A,372.543,371.919,-0.624,10.770,1667.948,feuv_fwhm,False,success
9000000086,spec-11678-58511-0664.fits,Liu+2014,False,0.551,A,A,426.317,408.837,-17.480,15.379,2,success,A,A,362.590,361.987,-0.603,8.165,1764.602,feuv_fwhm,False,success
9000000087,spec-2434-53826-0093.fits,Liu+2014,True,0.455,C,C,-300.228,-299.859,0.369,41.647,3,success,--,,,,,,1621.162,,False,success
9000000088,spec-1300-52973-0585.fits,Liu+2014,True,0.358,A,A,-379.035,-348.468,30.567,8.378,2,success,F,F,-245.554,-260.366,-14.812,0.616,2095.227,,True,success
9000000089,spec-2436-54054-0292.fits,Liu+2014,True,0.458,C,C,-326.923,-327.167,-0.244,10.328,2,success,--,,,,,,1822.706,,False,success
9000000090,spec-0553-51999-0157.fits,Liu+2014,True,0.410,A,A,1034.798,1066.109,31.311,3.205,2,success,--,,,,,,2818.941,,True,success
9000000090,spec-7295-57067-0857.fits,Liu+2014,False,0.410,C,C,261.483,232.834,-28.650,7.007,2,success,F,F,-38.038,-102.424,-64.386,11.411,9999.424,"feop_norm,feuv_fwhm,feuv_shift",False,success
9000000091,spec-1936-53330-0059.fits,Liu+2014,True,0.181,A,A,413.414,388.425,-24.989,6.949,2,success,F,F,164.277,164.234,-0.042,1.352,1635.501,,False,success
9000000091,spec-9608-58137-0857.fits,Liu+2014,False,0.181,F,F,287.566,288.697,1.131,4.544,2,success,F,F,89.785,89.676,-0.109,0.501,1971.589,feuv_shift,True,success
9000000092,spec-0484-51907-0093.fits,Liu+2014,True,0.341,A,A,554.023,544.948,-9.075,17.099,1,success,F,F,263.271,262.626,-0.645,13.273,1200.000,feop_fwhm,True,success
9000000092,spec-8198-57374-0358.fits,Liu+2014,False,0.341,A,A,519.843,520.690,0.847,0.514,1,success,F,F,288.683,289.135,0.452,3.367,3336.519,,True,success
9000000093,spec-1592-52990-0139.fits,Liu+2014,True,0.452,B,B,2489.715,2485.353,-4.362,40.565,3,success,--,,,,,,3121.020,,False,success
9000000093,spec-10443-58155-0845.fits,Liu+2014,False,0.452,B,B,2104.282,1901.037,-203.246,14.895,3,success,A,A,1501.602,1500.309,-1.293,10.695,5606.794,,False,success
9000000093,spec-11375-58426-0902.fits,Liu+2014,False,0.452,B,B,2386.392,2265.411,-120.980,2.913,2,success,A,A,1072.245,1065.923,-6.322,11.301,2816.603,feuv_fwhm,False,success
9000000094,spec-1201-52674-0057.fits,Liu+2014,True,0.429,C,C,540.587,534.631,-5.957,6.379,2,success,--,,,,,,1200.000,feop_fwhm,True,success
9000000094,spec-8298-57390-0613.fits,Liu+2014,False,0.429,C,C,1019.517,1012.072,-7.445,1.307,2,success,C,C,777.666,772.549,-5.116,44.405,9611.343,"feop_norm,feop_shift,feuv_fwhm,feuv_shift",False,success
9000000095,spec-2290-53727-0407.fits,Liu+2014,True,0.690,A,A,880.369,870.034,-10.334,1.924,1,success,--,,,,,,9956.220,"feop_norm,feuv_fwhm",False,success
9000000095,spec-9596-57817-0364.fits,Liu+2014,False,0.690,A,A,484.947,461.916,-23.031,4.040,1,success,--,,,,,,1200.000,"feop_norm,feop_fwhm,feop_shift,feuv_fwhm",False,success
9000000096,spec-1740-53050-0399.fits,Liu+2014,True,0.369,A,A,1356.693,1356.706,0.013,5.592,1,success,A,A,1038.068,1038.067,-0.001,54.472,1222.301,"feop_norm,feuv_shift",True,success
9000000097,spec-0554-52000-0477.fits,Liu+2014,True,0.562,C,C,762.524,741.900,-20.624,4.397,2,success,--,,,,,,2883.246,,False,success
9000000097,spec-7285-56991-0298.fits,Liu+2014,False,0.562,B,B,852.172,840.584,-11.588,5.286,2,success,--,,,,,,1200.000,"feop_fwhm,feuv_fwhm,feuv_shift",False,success
9000000098,spec-0938-52708-0159.fits,Liu+2014,True,0.223,B,B,-1789.285,1432.705,3221.990,4.092,2,success,C,C,-1488.949,-1488.011,0.939,13.815,2805.814,,False,success
9000000098,spec-8831-57448-0890.fits,Liu+2014,False,0.223,C,C,-1792.568,-1791.775,0.793,12.409,3,success,C,C,-1560.513,-1559.840,0.673,5.296,2528.813,,True,success
9000000099,spec-1214-52731-0293.fits,Liu+2014,True,0.187,C,C,-1207.971,-1299.060,-91.090,2.164,2,success,C,C,-1198.110,-1183.409,14.702,14.170,2631.869,,False,success
9000000099,spec-8862-57461-0640.fits,Liu+2014,False,0.187,C,C,-574.397,-628.012,-53.614,11.481,2,success,C,C,-905.632,-862.823,42.809,23.252,3125.637,,True,success
9000000100,spec-1787-54465-0511.fits,Liu+2014,True,0.354,F,F,220.054,219.125,-0.929,6.635,1,success,F,F,-53.996,-60.399,-6.403,0.295,2109.171,,True,success
9000000101,spec-0474-52000-0167.fits,Liu+2014,True,0.707,A,A,-464.506,-467.805,-3.300,0.255,1,success,--,,,,,,9998.243,"feop_norm,feuv_fwhm,feuv_shift",False,success
9000000102,spec-2291-53714-0604.fits,Liu+2014,True,0.268,A,A,332.927,332.933,0.006,1.197,2,success,C,C,225.223,225.220,-0.003,35.817,6097.756,"feop_norm,feuv_shift",True,success
9000000102,spec-9631-58086-0363.fits,Liu+2014,False,0.268,A,A,338.783,339.863,1.080,3.670,2,success,F,F,181.748,181.928,0.181,35.157,2338.212,feop_norm,True,success
9000000102,spec-11676-58512-0398.fits,Liu+2014,False,0.268,C,C,302.323,302.326,0.003,9.859,2,success,F,F,164.231,164.235,0.004,167.439,9956.000,feop_norm,True,success
9000000103,spec-1302-52763-0070.fits,Liu+2014,True,0.501,A,A,-478.548,-497.728,-19.180,7.888,1,success,--,,,,,,2629.157,,False,success
9000000104,spec-1274-52995-0048.fits,Liu+2014,True,0.541,F,F,259.797,269.212,9.415,9.684,2,success,--,,,,,,1200.000,"feop_fwhm,feuv_fwhm,feuv_shift",False,success
9000000104,spec-10244-58225-0352.fits,Liu+2014,False,0.541,F,F,280.839,280.548,-0.291,8.013,2,success,F,F,173.879,173.517,-0.362,13.881,9402.985,"feop_norm,feuv_fwhm,feuv_shift",False,success
9000000105,spec-1939-53389-0197.fits,Liu+2014,True,0.448,A,A,-385.647,-398.976,-13.329,10.789,1,success,--,,,,,,1213.395,feuv_fwhm,False,success
9000000105,spec-10440-58138-0218.fits,Liu+2014,False,0.448,A,A,-323.419,-381.118,-57.698,15.029,2,success,A,A,-336.888,-339.634,-2.747,13.379,2950.160,"feuv_fwhm,feuv_shift",False,success
9000000105,spec-11346-58429-0565.fits,Liu+2014,False,0.448,C,C,-292.953,-285.745,7.208,15.064,2,success,A,A,-369.177,-370.381,-1.204,2.682,1361.471,feuv_fwhm,False,success
9000000106,spec-1214-52731-0497.fits,Liu+2014,True,0.695,C,C,1310.569,1310.704,0.135,10.813,2,success,--,,,,,,9956.000,"feop_norm,feuv_fwhm",False,success
9000000106,spec-8832-57445-0384.fits,Liu+2014,False,0.695,C,C,1670.377,1676.555,6.178,14.729,3,success,--,,,,,,2589.383,"feop_norm,feuv_fwhm",False,success
9000000107,spec-1939-53389-0467.fits,Liu+2014,True,0.713,B,B,1270.217,1263.480,-6.737,174.466,3,success,--,,,,,,1200.786,"feop_norm,feuv_fwhm,feuv_shift",False,success
9000000107,spec-10440-58138-0190.fits,Liu+2014,False,0.713,B,B,1221.784,1171.769,-50.015,622.194,3,success,--,,,,,,1525.526,"feuv_fwhm,feuv_shift",False,success
9000000107,spec-11376-58430-0084.fits,Liu+2014,False,0.713,B,B,1136.312,1061.113,-75.199,592.595,3,success,--,,,,,,1200.023,"feuv_fwhm,feuv_shift",False,success
9000000108,spec-0485-51909-0506.fits,Liu+2014,True,0.296,A,A,-694.981,-697.582,-2.600,10.202,2,success,A,A,-499.085,-499.407,-0.321,12.986,1494.180,feuv_shift,True,success
9000000109,spec-0767-52252-0054.fits,Liu+2014,True,0.561,C,C,450.821,448.492,-2.329,10.799,2,success,--,,,,,,4739.614,"feop_shift,feuv_fwhm,feuv_shift",False,success
9000000109,spec-7291-56992-0450.fits,Liu+2014,False,0.561,A,A,442.949,444.365,1.416,2.231,2,success,--,,,,,,1200.000,feop_fwhm,False,success
9000000110,spec-2293-53730-0484.fits,Liu+2014,True,0.378,C,C,34.402,46.773,12.371,19.595,3,success,F,F,-241.820,-237.765,4.055,5.362,9956.000,"feop_norm,feuv_shift",True,success
9000000110,spec-9589-57813-0761.fits,Liu+2014,False,0.378,C,C,-170.307,-170.217,0.091,6.499,2,success,F,F,-262.660,-262.634,0.026,21.745,1200.019,feop_norm,False,success
9000000111,spec-0556-51991-0295.fits,Liu+2014,True,0.266,A,C,-342.192,-381.724,-39.532,14.693,3,success,A,A,-511.716,-513.184,-1.468,22.439,1200.000,feop_fwhm,True,success
9000000111,spec-8192-57348-0310.fits,Liu+2014,False,0.266,C,C,-513.345,-512.729,0.615,41.639,3,success,A,A,-599.688,-599.932,-0.245,72.868,9956.000,"feop_norm,feuv_shift",True,success
9000000112,spec-0486-51910-0355.fits,Liu+2014,True,0.359,A,A,-364.729,-365.297,-0.568,3.497,1,success,F,F,-86.226,-90.215,-3.989,12.469,2817.487,,True,success
9000000113,spec-2292-53713-0353.fits,Liu+2014,True,0.716,A,A,-535.315,-537.452,-2.136,9.249,1,success,--,,,,,,9631.102,"feop_norm,feuv_fwhm",False,success
9000000113,spec-9560-57805-0702.fits,Liu+2014,False,0.716,A,A,-521.935,-637.308,-115.373,5.027,2,success,--,,,,,,2423.134,feuv_fwhm,False,success
9000000114,spec-1594-52992-0291.fits,Liu+2014,True,0.616,W,A,-313.271,-314.059,-0.788,11.170,2,success,--,,,,,,1970.670,"feuv_fwhm,feuv_shift",False,success
9000000114,spec-10244-58225-0060.fits,Liu+2014,False,0.616,F,F,-158.189,-160.315,-2.126,6.170,2,success,--,,,,,,1536.460,"feuv_fwhm,feuv_shift",False,success
9000000115,spec-0477-52026-0392.fits,Liu+2014,True,0.650,B,C,1178.794,1090.212,-88.582,0.920,2,success,--,,,,,,2420.173,"feop_shift,feuv_fwhm",False,success
9000000116,spec-2361-53762-0438.fits,Liu+2014,True,0.502,C,C,490.432,468.401,-22.031,12.966,2,success,--,,,,,,1861.159,,False,success
9000000116,spec-9552-57814-0557.fits,Liu+2014,False,0.502,C,C,183.146,186.918,3.773,6.355,2,success,F,F,186.254,184.377,-1.877,6.160,1508.132,feuv_fwhm,False,success
9000000117,spec-0768-52281-0473.fits,Liu+2014,True,0.228,C,C,1872.844,1872.905,0.060,5.219,2,success,C,C,1218.640,1218.567,-0.074,242.475,9999.598,"feop_norm,feop_shift",False,success
9000000117,spec-7286-57096-0113.fits,Liu+2014,False,0.228,B,B,626.294,626.290,-0.004,3.235,2,success,B,B,564.542,564.542,0.000,165.033,1244.000,"feop_norm,feuv_shift",True,success
9000000118,spec-2369-53733-0202.fits,Liu+2014,True,0.506,A,A,413.942,403.566,-10.376,0.610,2,success,--,,,,,,2299.488,feuv_fwhm,False,success
9000000118,spec-9582-57806-0854.fits,Liu+2014,False,0.506,C,F,148.630,129.390,-19.240,5.595,2,success,F,F,175.487,175.686,0.199,16.574,2022.526,,False,success
9000000119,spec-0477-52026-0463.fits,Liu+2014,True,0.440,A,A,494.046,494.036,-0.010,5.370,2,success,--,,,,,,9956.000,"feop_norm,feuv_shift",True,success
9000000120,spec-2292-53713-0448.fits,Liu+2014,True,0.433,F,F,-264.307,-264.680,-0.373,17.309,3,success,--,,,,,,1200.000,feop_fwhm,True,success
9000000120,spec-9618-58084-0685.fits,Liu+2014,False,0.433,F,F,-231.022,-179.382,51.640,9.980,2,success,F,F,-233.059,-175.519,57.539,28.273,1200.001,feop_fwhm,False,success
9000000121,spec-2297-53738-0488.fits,Liu+2014,True,0.524,A,A,-811.929,-812.891,-0.963,3.958,1,success,--,,,,,,1200.057,,False,success
9000000121,spec-9629-58133-0541.fits,Liu+2014,False,0.524,C,C,176.512,147.127,-29.385,5.660,2,success,X,X,-195.527,-195.900,-0.373,6.271,1383.317,"feuv_fwhm,feuv_shift",False,success
9000000121,spec-11704-58514-0845.fits,Liu+2014,False,0.524,F,F,-32.437,-28.656,3.781,1.864,1,success,A,A,-319.063,-319.739,-0.676,11.645,2812.503,,False,success
9000000122,spec-0452-51911-0624.fits,Liu+2014,True,0.711,F,F,-245.675,-247.446,-1.771,6.754,1,success,--,,,,,,9893.034,"feop_norm,feuv_fwhm,feuv_shift",False,success
9000000122,spec-0453-51915-0253.fits,Liu+2014,False,0.711,F,F,-216.910,-218.436,-1.526,4.821,2,success,--,,,,,,1200.001,"feop_norm,feuv_fwhm,feuv_shift",False,success
9000000122,spec-8194-57401-0428.fits,Liu+2014,False,0.711,F,F,151.119,132.641,-18.478,15.518,2,success,--,,,,,,4139.698,"feop_shift,feuv_fwhm",False,success
9000000123,spec-1595-52999-0351.fits,Liu+2014,True,0.401,C,C,-402.053,-400.604,1.449,34.547,3,success,--,,,,,,1200.000,feop_fwhm,True,success
9000000123,spec-8852-57449-0500.fits,Liu+2014,False,0.401,A,A,-332.576,-331.849,0.726,2.701,2,success,A,A,-318.110,-318.794,-0.684,7.701,1200.000,feop_fwhm,False,success
9000000123,spec-8863-57724-0047.fits,Liu+2014,False,0.401,C,C,-349.004,-361.521,-12.517,12.725,3,success,F,F,-285.665,-283.691,1.974,8.291,6247.238,"feuv_fwhm,feuv_shift",False,success
9000000124,spec-1788-54468-0179.fits,Liu+2014,True,0.453,A,A,431.865,439.164,7.299,2.509,2,success,--,,,,,,1212.743,feuv_fwhm,False,success
9000000125,spec-0480-51989-0480.fits,Liu+2014,True,0.220,W,W,1686.198,1686.193,-0.005,67.389,3,success,C,C,1409.888,1409.907,0.019,192.381,10000.000,"feop_norm,feop_fwhm",False,success
9000000126,spec-1005-52703-0099.fits,Liu+2014,True,0.396,F,F,-243.661,-242.145,1.516,14.299,2,success,--,,,,,,2466.096,,True,success
9000000126,spec-7308-56709-0839.fits,Liu+2014,False,0.396,C,C,-189.696,-206.911,-17.214,49.126,3,success,F,F,-281.343,-284.534,-3.192,42.573,3506.123,"feuv_fwhm,feuv_shift",False,success
9000000127,spec-0902-52409-0498.fits,Liu+2014,True,0.215,C,C,-1434.161,-1433.912,0.248,9.319,2,success,C,C,-1210.228,-1209.972,0.256,22.633,9999.985,"feop_norm,feop_shift",False,success
9000000127,spec-7287-57042-0086.fits,Liu+2014,False,0.215,F,F,-232.677,-237.920,-5.243,4.185,2,success,A,A,-328.793,-328.480,0.313,13.517,2049.100,,True,success
9000000128,spec-2341-53738-0523.fits,Liu+2014,True,0.340,A,A,-349.347,-341.894,7.452,21.446,3,success,A,A,-332.943,-332.678,0.264,8.896,1704.220,,True,success
9000000128,spec-9629-58133-0013.fits,Liu+2014,False,0.340,F,F,-83.207,-90.398,-7.191,0.055,2,success,B,B,112.148,112.017,-0.132,65.421,7075.882,,True,success
9000000128,spec-11703-58526-0104.fits,Liu+2014,False,0.340,F,F,-75.853,-75.824,0.029,0.064,1,success,F,F,-93.291,-93.287,0.004,13.606,2435.800,feop_norm,True,success
9000000129,spec-0942-52703-0315.fits,Liu+2014,True,0.617,C,A,-540.297,-480.812,59.486,2.640,1,success,--,,,,,,1816.452,feuv_fwhm,False,success
9000000129,spec-8286-57062-0778.fits,Liu+2014,False,0.617,F,F,-265.949,-251.418,14.531,15.612,2,success,--,,,,,,1806.121,feuv_fwhm,False,success
9000000130,spec-1744-53055-0262.fits,Liu+2014,True,0.475,X,X,-1188.592,-1198.204,-9.612,7.250,1,success,--,,,,,,2555.646,,False,success
9000000131,spec-0558-52317-0537.fits,Liu+2014,True,0.289,F,F,249.803,249.797,-0.007,14.197,3,success,F,F,203.498,203.496,-0.002,11.039,1288.670,feop_norm,True,success
9000000131,spec-8190-57448-0430.fits,Liu+2014,False,0.289,F,F,186.209,186.189,-0.020,9.582,2,success,F,F,206.305,206.303,-0.002,31.953,2464.888,feop_norm,True,success
9000000132,spec-1952-53378-0366.fits,Liu+2014,True,0.302,C,C,-547.747,-536.231,11.516,1.216,2,success,F,F,-244.351,-248.464,-4.113,10.459,2434.177,,True,success
9000000132,spec-10232-58223-0175.fits,Liu+2014,False,0.302,F,F,98.812,96.658,-2.154,1.189,1,success,F,F,69.112,69.183,0.071,9.238,1546.259,,True,success
9000000133,spec-0943-52376-0494.fits,Liu+2014,True,0.338,F,F,287.236,279.841,-7.395,2.358,1,success,C,C,205.246,205.356,0.110,8.286,1200.000,feop_fwhm,True,success
9000000133,spec-7384-56715-0388.fits,Liu+2014,False,0.338,F,F,18.957,19.034,0.076,7.448,2,success,F,F,15.702,15.703,0.001,5.136,9976.087,feop_norm,True,success
9000000134,spec-1951-53389-0518.fits,Liu+2014,True,0.351,C,C,-140.748,-120.512,20.236,22.161,3,success,F,F,-88.175,-104.754,-16.579,4.395,2174.305,,True,success
9000000134,spec-8856-57453-0426.fits,Liu+2014,False,0.351,W,W,58.771,67.501,8.730,10.402,2,success,C,C,97.238,97.413,0.174,46.254,1470.897,,True,success
9000000135,spec-1237-52762-0298.fits,Liu+2014,True,0.479,A,A,-2130.522,-2153.274,-22.752,6.492,1,success,--,,,,,,2420.967,feuv_fwhm,False,success
9000000136,spec-2365-53739-0278.fits,Liu+2014,True,0.568,A,A,854.638,849.333,-5.305,12.715,1,success,--,,,,,,9956.000,"feop_norm,feuv_fwhm,feuv_shift",False,success
9000000136,spec-9614-57835-0420.fits,Liu+2014,False,0.568,A,A,1010.311,944.392,-65.919,0.393,1,success,--,,,,,,1200.000,"feop_fwhm,feuv_fwhm,feuv_shift",False,success
9000000137,spec-0996-52641-0016.fits,Liu+2014,True,0.423,F,F,252.229,252.222,-0.008,1.201,2,success,--,,,,,,9956.000,"feop_norm,feuv_shift",True,success
9000000138,spec-0946-52407-0220.fits,Liu+2014,True,0.395,A,A,522.283,521.896,-0.387,4.222,1,success,--,,,,,,2816.695,,True,success
9000000138,spec-8187-57423-0084.fits,Liu+2014,False,0.395,C,C,457.680,420.225,-37.455,5.622,2,success,A,A,362.660,361.790,-0.871,5.814,2213.236,,False,success
9000000139,spec-0574-52347-0201.fits,Liu+2014,False,0.499,A,A,630.299,617.660,-12.639,8.254,2,success,--,,,,,,1244.000,"feop_norm,feuv_fwhm",False,success
9000000139,spec-0574-52355-0212.fits,Liu+2014,True,0.499,A,A,911.869,900.805,-11.065,8.203,2,success,--,,,,,,9690.995,"feop_norm,feop_shift,feuv_fwhm,feuv_shift",False,success
9000000139,spec-0574-52356-0215.fits,Liu+2014,False,0.499,A,A,984.384,974.948,-9.436,12.624,2,success,--,,,,,,1200.505,,False,success
9000000139,spec-0574-52366-0215.fits,Liu+2014,False,0.499,A,A,918.599,904.582,-14.017,8.947,2,success,--,,,,,,1200.001,"feop_norm,feop_fwhm,feuv_fwhm,feuv_shift",False,success
9000000140,spec-1745-53061-0548.fits,Liu+2014,True,0.484,F,C,-278.607,-299.688,-21.081,15.071,3,success,--,,,,,,1275.411,feuv_fwhm,False,success
9000000141,spec-2588-54174-0521.fits,Liu+2014,True,0.246,C,A,-933.125,-920.417,12.708,33.267,3,success,A,A,-593.733,-593.873,-0.140,69.604,2329.305,feuv_shift,True,success
9000000141,spec-9575-57786-0093.fits,Liu+2014,False,0.246,A,A,-796.511,-796.582,-0.071,10.660,2,success,A,A,-545.971,-546.000,-0.029,44.457,3009.799,,True,success
9000000142,spec-1427-52996-0194.fits,Liu+2014,True,0.387,C,C,502.152,502.578,0.426,11.106,2,success,--,,,,,,7394.669,"feop_norm,feop_shift",True,success
9000000142,spec-8855-57780-0634.fits,Liu+2014,False,0.387,F,F,119.940,76.785,-43.155,22.425,3,success,C,C,-215.300,-214.956,0.343,133.294,1227.646,"feop_norm,feop_shift",False,success
9000000143,spec-2374-53765-0476.fits,Liu+2014,True,0.411,A,A,-363.856,-363.116,0.740,6.118,2,success,--,,,,,,2000.157,,True,success
9000000143,spec-9569-57837-0351.fits,Liu+2014,False,0.411,F,F,-192.078,-204.975,-12.898,45.404,3,success,F,F,-294.392,-295.454,-1.061,58.830,2191.714,"feuv_fwhm,feuv_shift",False,success
9000000144,spec-1955-53442-0507.fits,Liu+2014,True,0.110,A,A,-348.030,-347.948,0.082,4.658,1,success,F,F,-265.406,-265.429,-0.022,7.085,2580.911,,False,success
9000000145,spec-1954-53357-0027.fits,Liu+2014,True,0.335,C,C,504.103,504.474,0.370,10.582,3,success,A,A,346.643,346.722,0.079,2.235,1244.000,feop_norm,True,success
9000000145,spec-10274-58170-0482.fits,Liu+2014,False,0.335,F,F,266.509,266.515,0.006,4.689,2,success,F,F,223.215,223.235,0.020,6.735,3311.792,"feop_norm,feop_shift",True,success
9000000146,spec-1358-52994-0416.fits,Liu+2014,True,0.638,C,C,-846.278,-846.018,0.260,13.215,2,success,--,,,,,,2307.335,"feop_shift,feuv_fwhm,feuv_shift",False,success
9000000146,spec-8288-57419-0854.fits,Liu+2014,False,0.638,A,A,-513.009,-519.882,-6.873,5.654,2,success,--,,,,,,1200.682,,False,success
9000000147,spec-1359-53002-0381.fits,Liu+2014,True,0.361,A,A,390.998,390.987,-0.011,0.038,1,success,F,F,256.601,256.600,-0.001,3.344,9956.000,"feop_norm,feuv_shift",True,success
9000000147,spec-8363-58140-0436.fits,Liu+2014,False,0.361,C,A,527.340,595.823,68.483,0.863,1,success,F,F,271.068,271.188,0.121,19.614,1200.000,feop_fwhm,True,success
9000000148,spec-0944-52614-0146.fits,Liu+2014,True,0.364,C,C,1128.467,1128.994,0.527,5.441,2,success,C,C,698.477,698.492,0.015,73.102,9997.412,"feop_norm,feop_shift",True,success
9000000148,spec-7385-56710-0214.fits,Liu+2014,False,0.364,A,A,1202.771,1166.889,-35.882,10.260,2,success,A,A,1023.257,1020.324,-2.933,20.328,1370.679,"feop_norm,feuv_fwhm,feuv_shift",False,success
9000000149,spec-2351-53772-0180.fits,Liu+2014,True,0.805,A,A,-349.118,-347.019,2.099,8.069,1,success,--,,,,,,9998.760,"feop_norm,feuv_fwhm",False,success
9000000149,spec-2351-53786-0167.fits,Liu+2014,False,0.805,W,W,-318.766,-318.916,-0.150,9.753,1,success,--,,,,,,9956.000,"feop_norm,feuv_fwhm",False,success
9000000149,spec-10455-58158-0831.fits,Liu+2014,False,0.805,C,C,-197.004,-155.653,41.350,9.503,2,success,--,,,,,,1200.000,"feop_fwhm,feuv_fwhm",False,success
9000000149,spec-11351-58440-0928.fits,Liu+2014,False,0.805,F,F,-8.353,6.946,15.299,3.720,1,success,--,,,,,,1200.000,"feop_fwhm,feuv_fwhm",False,success
9000000150,spec-1239-52760-0294.fits,Liu+2014,True,0.443,F,F,292.403,292.171,-0.232,3.033,2,success,--,,,,,,1200.000,feop_fwhm,True,success
9000000150,spec-2869-54454-0278.fits,Liu+2014,False,0.443,C,C,235.281,233.979,-1.301,46.729,3,success,--,,,,,,1428.476,,True,success
9000000151,spec-2374-53765-0040.fits,Liu+2014,True,0.827,A,A,794.032,800.087,6.055,6.284,1,success,--,,,,,,9994.729,"feop_norm,feuv_fwhm",False,success
9000000151,spec-9569-57837-0116.fits,Liu+2014,False,0.827,C,C,439.651,440.553,0.902,2.872,2,success,--,,,,,,2278.946,"feop_shift,feuv_fwhm",False,success
9000000152,spec-2366-53741-0589.fits,Liu+2014,True,0.427,F,F,103.175,101.751,-1.425,4.968,2,success,--,,,,,,1200.000,feop_fwhm,True,success
9000000153,spec-1428-52998-0558.fits,Liu+2014,True,0.473,C,C,142.901,184.925,42.024,17.165,3,success,--,,,,,,1366.992,,False,success
9000000153,spec-8824-58162-0240.fits,Liu+2014,False,0.473,C,C,254.031,252.117,-1.915,21.562,3,success,F,F,218.840,218.717,-0.123,80.613,1200.000,feop_fwhm,False,success
9000000154,spec-0905-52643-0404.fits,Liu+2014,True,0.435,C,C,154.124,151.651,-2.473,106.938,3,success,--,,,,,,1200.000,feop_fwhm,True,success
9000000154,spec-6696-56398-0931.fits,Liu+2014,False,0.435,C,C,170.151,172.661,2.510,83.186,3,success,F,F,122.378,117.800,-4.578,3.601,1200.000,feop_fwhm,False,success
9000000154,spec-8180-57345-0934.fits,Liu+2014,False,0.435,F,F,211.245,194.073,-17.172,31.459,3,success,F,F,110.311,106.906,-3.405,0.679,1200.000,feop_fwhm,False,success
9000000155,spec-0560-52296-0366.fits,Liu+2014,True,0.252,A,A,535.633,533.923,-1.709,13.863,1,success,C,C,302.462,302.395,-0.067,10.135,2308.609,feuv_shift,True,success
9000000156,spec-0947-52411-0177.fits,Liu+2014,True,0.359,C,C,-483.900,-484.279,-0.379,11.127,3,success,C,C,-423.222,-423.324,-0.102,25.216,5940.009,feop_norm,True,success
9000000156,spec-8186-57452-0107.fits,Liu+2014,False,0.359,C,C,-386.874,-386.856,0.018,3.426,2,success,C,C,-562.928,-563.045,-0.117,50.145,9995.439,"feop_norm,feuv_shift",False,success
9000000157,spec-1959-53440-0066.fits,Liu+2014,True,0.178,C,C,601.128,600.996,-0.132,68.486,3,success,C,C,455.044,455.029,-0.015,207.952,2400.098,feop_norm,False,success
9000000157,spec-10460-58161-0061.fits,Liu+2014,False,0.178,B,B,702.878,702.886,0.008,99.781,3,success,B,B,590.390,590.389,-0.000,569.977,9956.000,"feop_norm,feuv_shift",True,success
9000000158,spec-0772-52375-0530.fits,Liu+2014,True,0.428,W,W,340.043,340.037,-0.006,71.339,3,success,--,,,,,,9066.165,feop_norm,True,success
9000000159,spec-0274-51913-0388.fits,Liu+2014,True,0.257,F,F,-125.205,-136.268,-11.063,12.287,2,success,F,F,-160.046,-162.839,-2.793,47.306,2447.856,feuv_shift,True,success
9000000160,spec-1361-53047-0474.fits,Liu+2014,True,0.466,F,F,-247.705,-251.733,-4.028,7.991,2,success,--,,,,,,1372.840,feuv_fwhm,False,success
9000000160,spec-8364-58138-0840.fits,Liu+2014,False,0.466,F,F,-239.788,-251.765,-11.977,15.454,3,success,F,F,-248.542,-249.723,-1.181,22.971,1200.000,"feop_fwhm,feuv_fwhm",False,success
9000000161,spec-2567-54179-0036.fits,Liu+2014,True,0.775,F,F,-280.835,-284.332,-3.497,7.067,1,success,--,,,,,,9956.000,"feop_norm,feuv_fwhm",False,success
9000000161,spec-8358-57451-0360.fits,Liu+2014,False,0.775,C,C,-440.031,-457.297,-17.266,3.239,2,success,--,,,,,,3817.082,feuv_fwhm,False,success
9000000162,spec-2356-53786-0575.fits,Liu+2014,True,0.211,F,C,-266.897,-224.902,41.995,2.071,2,success,F,F,-254.607,-258.291,-3.684,5.033,1704.236,pl_alpha,False,success
9000000162,spec-10471-58132-0364.fits,Liu+2014,False,0.211,F,C,-144.901,-143.364,1.537,0.077,2,success,C,F,-313.913,-259.253,54.660,24.431,1319.462,,True,success
9000000162,spec-11353-58467-0040.fits,Liu+2014,False,0.211,C,C,-158.287,-189.291,-31.004,36.063,3,success,F,F,-216.727,-218.549,-1.822,21.459,3664.400,,True,success
9000000163,spec-0489-51930-0548.fits,Liu+2014,True,0.515,F,F,126.523,121.990,-4.533,4.733,2,success,--,,,,,,5848.519,"feuv_fwhm,feuv_shift",False,success
9000000164,spec-1000-52643-0618.fits,Liu+2014,True,0.231,B,B,-458.224,-458.215,0.009,21.031,3,success,B,B,-309.210,-309.211,-0.001,29.141,1200.000,"feop_norm,feop_fwhm,feop_shift",False,success
9000000165,spec-0578-52339-0044.fits,Liu+2014,True,0.354,A,A,433.130,431.026,-2.104,2.812,2,success,A,A,465.607,465.396,-0.211,3.912,1243.878,feuv_shift,True,success
9000000166,spec-1433-53035-0534.fits,Liu+2014,True,0.451,A,A,344.560,349.935,5.375,2.918,2,success,--,,,,,,1798.173,,False,success
9000000166,spec-8365-57450-0372.fits,Liu+2014,False,0.451,A,A,375.031,382.225,7.193,4.487,2,success,F,F,220.156,218.222,-1.934,11.194,1200.000,"feop_fwhm,feuv_fwhm,feuv_shift",False,success
9000000167,spec-1434-53053-0465.fits,Liu+2014,True,0.489,C,C,496.462,495.000,-1.462,24.910,3,success,--,,,,,,1200.000,feop_fwhm,False,success
9000000167,spec-7392-56992-0456.fits,Liu+2014,False,0.489,A,A,942.551,946.448,3.897,1.619,1,success,A,A,358.518,357.269,-1.248,7.409,1200.004,"feop_norm,feop_shift",False,success
9000000168,spec-1434-53053-0170.fits,Liu+2014,True,0.363,C,A,-549.618,-414.370,135.249,6.105,1,success,F,F,-285.993,-286.044,-0.051,12.916,2215.933,,True,success
9000000168,spec-8359-57449-0550.fits,Liu+2014,False,0.363,A,A,-455.836,-455.133,0.703,0.310,1,success,C,C,-370.172,-282.624,87.548,10.399,2791.809,feuv_shift,True,success
9000000169,spec-2025-53431-0603.fits,Liu+2014,True,0.272,C,C,-3603.162,-3602.942,0.221,6.556,2,success,C,C,-3399.316,-3399.405,-0.089,5.991,6377.071,feuv_shift,True,success
9000000169,spec-10270-58488-0911.fits,Liu+2014,False,0.272,C,C,-3488.219,-3488.193,0.026,30.079,3,success,C,C,-2469.761,-2469.765,-0.004,28.072,2443.714,feuv_shift,True,success
9000000170,spec-0963-52643-0415.fits,Liu+2014,True,0.476,A,A,431.118,454.515,23.397,16.270,2,success,--,,,,,,1503.027,,False,success
9000000170,spec-7390-57130-0848.fits,Liu+2014,False,0.476,C,C,329.430,328.606,-0.824,16.686,2,success,A,A,321.829,321.679,-0.151,8.066,2073.124,,False,success
9000000171,spec-2481-54068-0555.fits,Liu+2014,False,0.398,B,B,1408.207,1361.324,-46.883,7.939,2,success,--,,,,,,1348.294,,True,success
9000000171,spec-2481-54086-0532.fits,Liu+2014,True,0.398,B,B,1353.316,1315.917,-37.399,6.721,2,success,--,,,,,,1200.000,feop_fwhm,True,success
9000000171,spec-6417-56308-0030.fits,Liu+2014,False,0.398,C,C,758.996,769.987,10.990,2.217,2,success,F,F,254.045,253.165,-0.880,30.004,1200.162,"feop_norm,feuv_fwhm",False,success
9000000171,spec-10467-58138-0633.fits,Liu+2014,False,0.398,C,C,463.681,463.167,-0.514,0.445,2,success,F,F,156.060,155.931,-0.128,2.241,1217.225,feop_norm,False,success
9000000172,spec-1010-52649-0001.fits,Liu+2014,True,0.327,A,A,-329.782,-330.677,-0.895,10.980,2,success,F,F,-67.992,-68.051,-0.059,11.533,2492.927,feuv_shift,True,success
9000000172,spec-8166-57130-0148.fits,Liu+2014,False,0.327,F,F,49.428,42.461,-6.967,15.823,1,success,F,F,88.870,88.366,-0.503,15.252,2042.153,,True,success
9000000173,spec-2487-53852-0356.fits,Liu+2014,True,0.506,C,C,-712.113,-723.206,-11.092,1.582,2,success,--,,,,,,2814.425,"feuv_fwhm,feuv_shift",False,success
9000000174,spec-1362-53050-0536.fits,Liu+2014,True,0.318,F,F,-130.213,-130.061,0.152,4.096,2,success,F,F,-199.326,-199.350,-0.024,7.379,2662.365,feop_norm,True,success
9000000174,spec-8359-57449-0208.fits,Liu+2014,False,0.318,F,F,163.075,163.306,0.231,11.333,2,success,F,F,110.528,110.426,-0.102,15.778,1220.699,feop_norm,True,success
9000000175,spec-2007-53474-0075.fits,Liu+2014,True,0.389,A,A,-488.069,-471.210,16.859,6.491,2,success,--,,,,,,2698.345,feuv_shift,True,success
9000000175,spec-10269-58220-0750.fits,Liu+2014,False,0.389,F,F,-197.568,-228.221,-30.653,1.522,1,success,F,F,-67.142,-70.542,-3.400,17.920,2280.264,feuv_fwhm,False,success
9000000176,spec-0277-51908-0277.fits,Liu+2014,True,0.283,F,F,202.295,202.220,-0.075,1.193,1,success,F,F,179.950,179.976,0.026,2.719,1355.810,feuv_shift,True,success
9000000177,spec-2357-53793-0117.fits,Liu+2014,True,0.663,F,F,-152.887,-221.527,-68.640,7.532,2,success,--,,,,,,1533.140,feuv_fwhm,False,success
9000000177,spec-10466-58161-0319.fits,Liu+2014,False,0.663,C,A,419.159,324.424,-94.736,14.710,3,success,--,,,,,,1622.603,feuv_fwhm,False,success
9000000178,spec-1011-52652-0497.fits,Liu+2014,True,0.625,A,A,612.645,573.737,-38.908,6.340,1,success,--,,,,,,1204.512,,False,success
9000000178,spec-8172-57423-0101.fits,Liu+2014,False,0.625,C,C,458.560,448.575,-9.985,12.925,2,success,--,,,,,,1883.538,,False,success
9000000179,spec-2357-53793-0017.fits,Liu+2014,True,0.322,F,F,-178.520,-173.027,5.493,7.484,1,success,F,F,-140.590,-143.223,-2.633,11.661,1474.683,,True,success
9000000179,spec-10466-58161-0276.fits,Liu+2014,False,0.322,C,C,-97.432,-226.202,-128.770,8.273,2,success,F,F,-161.159,-161.365,-0.206,27.745,1565.625,,True,success
9000000180,spec-2485-54176-0188.fits,Liu+2014,True,0.348,A,A,1330.520,1330.520,0.000,68.191,3,success,A,A,1295.910,1295.911,0.000,8.502,1244.000,"feop_norm,feuv_shift",True,success
9000000181,spec-2882-54498-0010.fits,Liu+2014,True,0.664,C,C,919.597,914.145,-5.452,12.587,2,success,--,,,,,,1200.137,feuv_fwhm,False,success
9000000182,spec-2491-53855-0252.fits,Liu+2014,True,0.631,C,C,763.973,765.709,1.736,13.740,3,success,--,,,,,,9992.529,"feop_norm,feop_shift,feuv_fwhm",False,success
9000000183,spec-2488-54149-0020.fits,Liu+2014,True,0.625,F,F,-157.217,-194.033,-36.816,10.843,1,success,--,,,,,,1630.299,feuv_fwhm,False,success
9000000184,spec-0581-52353-0498.fits,Liu+2014,False,0.612,C,C,452.477,443.069,-9.407,3.023,2,success,--,,,,,,9956.000,"feop_norm,feuv_fwhm,feuv_shift",False,success
9000000184,spec-0581-52356-0498.fits,Liu+2014,True,0.612,C,C,544.437,539.797,-4.640,12.777,2,success,--,,,,,,9956.000,"feop_norm,feuv_fwhm,feuv_shift",False,success
9000000185,spec-1012-52649-0388.fits,Liu+2014,True,0.466,F,F,298.433,288.409,-10.024,10.435,2,success,--,,,,,,1477.458,feuv_fwhm,False,success
9000000185,spec-8171-57135-0388.fits,Liu+2014,False,0.466,C,C,116.062,116.173,0.111,1.833,2,success,C,C,33.489,33.484,-0.006,29.439,1243.321,feop_norm,False,success
9000000186,spec-2492-54178-0219.fits,Liu+2014,True,0.445,A,A,1049.025,1047.849,-1.176,4.690,1,success,--,,,,,,9999.742,"feop_norm,feop_shift",False,success
9000000187,spec-2491-53855-0124.fits,Liu+2014,True,0.433,F,F,227.255,227.232,-0.024,16.592,2,success,--,,,,,,9662.872,feop_norm,True,success
9000000188,spec-0279-51608-0355.fits,Liu+2014,False,0.524,F,F,202.870,171.302,-31.568,2.034,1,success,--,,,,,,1200.000,"feop_fwhm,feuv_fwhm",False,success
9000000188,spec-0279-51984-0343.fits,Liu+2014,True,0.524,C,C,650.066,601.323,-48.743,9.849,2,success,--,,,,,,2328.302,"feuv_fwhm,feuv_shift",False,success
9000000189,spec-2490-54179-0009.fits,Liu+2014,True,0.195,C,C,886.199,886.178,-0.021,3.393,2,success,C,C,606.370,606.406,0.036,71.794,1244.000,feop_norm,False,success
9000000190,spec-0596-52370-0483.fits,Liu+2014,True,0.572,A,C,-462.731,-595.688,-132.957,5.388,2,success,--,,,,,,3079.263,feuv_fwhm,False,success
9000000191,spec-1439-53003-0577.fits,Liu+2014,True,0.477,F,F,239.030,238.928,-0.101,26.172,3,success,--,,,,,,1203.789,"feop_norm,feuv_fwhm",False,success
9000000191,spec-8367-57429-0765.fits,Liu+2014,False,0.477,F,F,106.691,105.569,-1.122,4.209,2,success,F,F,104.319,104.407,0.088,37.430,1200.316,"feop_norm,feuv_fwhm",False,success
9000000192,spec-1012-52649-0058.fits,Liu+2014,True,0.159,C,C,-211.202,-216.292,-5.090,10.257,2,success,C,C,-212.421,-218.336,-5.915,67.184,1200.006,,False,success
9000000192,spec-8164-57127-0578.fits,Liu+2014,False,0.159,F,F,12.910,12.070,-0.840,0.086,2,success,F,F,-30.743,-30.684,0.059,14.166,2014.340,,False,success
9000000193,spec-1365-53062-0261.fits,Liu+2014,True,0.227,C,C,-572.895,-572.900,-0.005,46.436,3,success,C,C,-819.127,-819.119,0.008,65.098,9440.516,feop_norm,False,success
9000000193,spec-8361-57731-0242.fits,Liu+2014,False,0.227,C,C,-690.617,-690.602,0.015,54.439,3,success,C,C,-775.299,-775.303,-0.004,58.569,1244.000,"feop_norm,feuv_shift",True,success
9000000194,spec-1617-53112-0056.fits,Liu+2014,True,0.316,W,W,-169.164,-169.317,-0.153,8.255,2,success,W,W,-157.926,-157.981,-0.055,27.397,1470.287,,True,success
9000000195,spec-0512-51992-0356.fits,Liu+2014,True,0.754,A,A,626.686,634.587,7.901,6.123,1,success,--,,,,,,1200.000,"feop_fwhm,feop_shift,feuv_fwhm",False,success
9000000196,spec-0836-52376-0153.fits,Liu+2014,True,0.151,C,C,213.176,213.190,0.015,36.092,3,success,F,F,190.952,190.951,-0.002,126.416,2400.036,"feop_norm,feop_shift",False,success
9000000197,spec-2217-53794-0469.fits,Liu+2014,True,0.354,C,C,437.819,437.771,-0.048,4.761,2,success,A,A,305.212,305.298,0.086,11.434,1243.982,feop_norm,True,success
9000000198,spec-0775-52295-0080.fits,Liu+2014,True,0.758,W,W,2758.248,2758.277,0.030,11.456,2,success,--,,,,,,1200.000,"feop_fwhm,feop_shift",False,success
9000000198,spec-7107-56740-0516.fits,Liu+2014,False,0.758,C,C,1095.393,1074.770,-20.623,1.478,2,success,--,,,,,,4802.869,,False,success
9000000199,spec-1606-53055-0488.fits,Liu+2014,True,0.322,B,B,113.401,-15.978,-129.379,12.879,2,success,A,A,-358.078,-359.435,-1.357,15.044,1200.001,feop_fwhm,True,success
9000000200,spec-2219-53816-0293.fits,Liu+2014,True,0.429,A,A,333.348,329.698,-3.650,4.843,2,success,--,,,,,,1861.158,,True,success
9000000201,spec-0837-52642-0373.fits,Liu+2014,True,0.444,C,C,372.225,391.801,19.576,15.335,2,success,--,,,,,,1545.834,,True,success
9000000202,spec-0327-52294-0380.fits,Liu+2014,True,0.442,C,C,494.831,494.801,-0.030,13.286,2,success,--,,,,,,6872.659,feop_norm,True,success
9000000203,spec-2505-53856-0322.fits,Liu+2014,True,0.428,B,B,558.151,509.644,-48.506,51.746,3,success,--,,,,,,1839.008,,True,success
9000000204,spec-2012-53493-0287.fits,Liu+2014,True,0.203,W,W,-154.597,-154.592,0.005,6.119,2,success,W,W,-131.110,-131.416,-0.305,41.055,1304.912,,False,success
9000000204,spec-10264-58162-0896.fits,Liu+2014,False,0.203,W,W,-191.206,-191.258,-0.052,8.761,2,success,W,W,-131.428,-131.439,-0.011,110.928,1521.478,feuv_shift,True,success
9000000205,spec-2503-53856-0555.fits,Liu+2014,True,0.298,F,F,-108.148,-115.759,-7.611,6.061,2,success,F,F,-172.334,-172.590,-0.257,5.062,1746.440,,True,success
9000000206,spec-1309-52762-0620.fits,Liu+2014,True,0.148,C,C,-153.592,-160.013,-6.421,50.239,3,success,C,C,-106.061,-105.370,0.691,63.642,10000.000,"feop_fwhm,feop_shift",False,success
9000000206,spec-7099-56666-0252.fits,Liu+2014,False,0.148,F,F,-12.563,-12.560,0.003,4.980,1,success,F,F,128.825,128.828,0.003,123.696,9955.095,feop_norm,False,success
9000000206,spec-8176-57131-0874.fits,Liu+2014,False,0.148,C,C,-599.076,-599.081,-0.005,19.976,3,success,F,F,-213.872,-213.869,0.003,76.497,9012.781,feop_norm,False,success
9000000207,spec-1444-53054-0321.fits,Liu+2014,True,0.220,C,C,-1296.764,-1297.370,-0.605,0.933,2,success,C,C,-781.975,-781.870,0.106,27.718,7489.518,feop_norm,False,success
9000000207,spec-6685-56412-0003.fits,Liu+2014,False,0.220,B,B,670.804,664.465,-6.339,7.465,2,success,B,B,-477.564,-477.457,0.107,5.402,1200.000,"feop_fwhm,feuv_shift",True,success
9000000207,spec-7399-57162-0932.fits,Liu+2014,False,0.220,E,E,2291.635,2107.728,-183.907,2.338,1,success,C,C,-954.593,-950.078,4.514,6.007,1200.135,,True,success
9000000208,spec-1444-53054-0274.fits,Liu+2014,True,0.566,C,C,540.335,539.482,-0.853,10.390,2,success,--,,,,,,1244.000,"feop_norm,feuv_fwhm,feuv_shift",False,success
9000000208,spec-7398-56781-0827.fits,Liu+2014,False,0.566,A,A,333.432,332.275,-1.158,40.867,3,success,--,,,,,,1713.462,"feop_norm,feuv_fwhm,feuv_shift",False,success
9000000209,spec-1224-52765-0414.fits,Liu+2014,True,0.278,C,C,671.179,670.900,-0.279,9.959,2,success,A,A,509.521,509.442,-0.079,7.286,1454.885,feuv_shift,True,success
9000000210,spec-0597-52059-0566.fits,Liu+2014,True,0.413,A,A,307.358,306.559,-0.799,2.474,1,success,--,,,,,,2155.282,,True,success
9000000211,spec-1607-53083-0558.fits,Liu+2014,True,0.582,A,A,835.057,816.914,-18.142,1.051,1,success,--,,,,,,3888.633,"feop_shift,feuv_fwhm",False,success
9000000212,spec-2008-53473-0258.fits,Liu+2014,True,0.463,A,C,-563.937,-584.983,-21.046,9.925,2,success,--,,,,,,1200.000,feop_fwhm,False,success
9000000213,spec-1755-53386-0002.fits,Liu+2014,True,0.245,F,F,-201.895,-201.893,0.002,5.108,2,success,F,F,-153.889,-153.891,-0.002,58.195,9999.861,"feop_norm,feop_shift",False,success
9000000214,spec-2012-53493-0531.fits,Liu+2014,True,0.462,B,B,2154.331,2148.617,-5.715,7.463,2,success,--,,,,,,3560.033,,False,success
9000000214,spec-8873-57427-0194.fits,Liu+2014,False,0.462,B,B,1041.449,1051.933,10.484,18.959,3,success,B,B,884.830,885.311,0.481,13.974,10000.000,feop_fwhm,False,success
9000000215,spec-1608-53138-0160.fits,Liu+2014,True,0.272,C,A,-413.739,-441.405,-27.665,17.605,3,success,C,F,-254.819,-281.121,-26.302,33.611,2668.152,,True,success
9000000215,spec-3245-54894-0248.fits,Liu+2014,False,0.272,A,A,-506.789,-503.783,3.006,1.527,2,success,F,A,-299.601,-300.510,-0.908,11.165,2892.523,feuv_shift,True,success
9000000216,spec-0839-52373-0494.fits,Liu+2014,True,0.313,C,C,-1712.915,-1716.190,-3.275,9.724,2,success,C,C,-1154.845,-1154.061,0.784,9.659,9999.407,"feop_norm,feop_shift",True,success
9000000217,spec-2513-54141-0355.fits,Liu+2014,True,0.555,A,A,-414.787,-445.980,-31.193,12.463,1,success,--,,,,,,2562.673,,False,success
9000000218,spec-0515-52051-0099.fits,Liu+2014,True,0.470,C,C,-2987.888,-3002.899,-15.012,66.340,3,success,--,,,,,,1668.958,"feop_shift,feuv_fwhm,feuv_shift",False,success
9000000219,spec-1018-52672-0276.fits,Liu+2014,True,0.347,F,F,-124.137,-124.174,-0.037,0.640,1,success,F,F,-60.839,-60.842,-0.003,11.833,1447.927,,True,success
9000000219,spec-8229-57430-0379.fits,Liu+2014,False,0.347,C,C,212.961,165.441,-47.520,0.929,2,success,C,C,-42.049,-48.282,-6.233,36.156,1200.000,feop_fwhm,True,success
9000000223,spec-0882-52370-0628.fits,Liu+2014,True,0.432,A,A,327.762,327.762,0.000,12.991,2,success,--,,,,,,9031.907,"feop_norm,feuv_shift",True,success
9000000223,spec-8219-57429-0356.fits,Liu+2014,False,0.432,C,C,35.748,35.665,-0.084,55.219,3,success,F,F,-33.908,-33.915,-0.007,4.665,9893.016,"feop_norm,feop_shift",False,success
9000000224,spec-0517-52024-0559.fits,Liu+2014,True,0.380,F,F,267.356,268.306,0.951,15.242,2,success,W,W,-8.528,-8.400,0.128,3.896,9366.297,,True,success
9000000225,spec-1018-52672-0580.fits,Liu+2014,True,0.339,C,F,-1.522,-240.337,-238.815,4.777,1,success,F,F,-81.200,-90.809,-9.609,5.255,3385.217,,True,success
9000000225,spec-6688-56412-0781.fits,Liu+2014,False,0.339,C,C,159.450,159.935,0.485,15.815,2,success,F,F,-79.275,-79.408,-0.134,0.322,3593.712,,True,success
9000000225,spec-8214-57867-0502.fits,Liu+2014,False,0.339,C,C,336.258,315.591,-20.667,8.612,2,success,C,C,-27.783,-28.495,-0.712,27.279,2412.788,,True,success
9000000226,spec-1314-52792-0511.fits,Liu+2014,False,0.300,F,F,-139.585,-138.304,1.280,14.094,1,success,A,A,-329.112,-331.565,-2.453,3.973,1200.000,feop_fwhm,True,success
9000000226,spec-1314-53050-0512.fits,Liu+2014,True,0.300,F,F,-231.907,-230.236,1.670,3.588,2,success,F,F,-209.319,-210.913,-1.594,1.893,1645.994,,True,success
9000000226,spec-8233-57887-0728.fits,Liu+2014,False,0.300,F,F,-121.398,-123.983,-2.586,12.283,3,success,W,W,-129.500,-130.663,-1.163,37.719,1200.000,feop_fwhm,True,success
9000000227,spec-2657-54502-0418.fits,Liu+2014,True,0.538,A,A,422.555,397.006,-25.549,1.367,1,success,--,,,,,,1200.000,feop_fwhm,False,success
9000000228,spec-1450-53120-0141.fits,Liu+2014,True,0.196,W,W,342.031,342.032,0.001,13.064,2,success,C,C,1956.934,1956.923,-0.011,12.986,6156.465,feop_norm,False,success
9000000228,spec-8383-57518-0733.fits,Liu+2014,False,0.196,C,C,4630.676,4635.074,4.398,11.645,3,success,A,A,2788.054,2787.533,-0.521,67.995,8920.125,feop_norm,True,success
9000000229,spec-2001-53493-0472.fits,Liu+2014,True,0.335,A,A,-428.715,-354.864,73.851,9.636,1,success,A,A,-354.775,-407.096,-52.320,3.866,1816.979,,True,success
9000000229,spec-8834-57458-0500.fits,Liu+2014,False,0.335,F,F,-227.654,-224.765,2.889,12.199,1,success,W,W,-128.993,-130.440,-1.447,11.845,1613.630,,True,success
9000000230,spec-2610-54476-0043.fits,Liu+2014,True,0.198,W,W,-269.183,-270.981,-1.798,8.834,2,success,W,W,-218.921,-228.373,-9.452,41.976,1344.584,,False,success
9000000231,spec-0780-52370-0290.fits,Liu+2014,True,0.371,F,F,107.334,107.467,0.134,0.853,1,success,F,F,84.531,86.681,2.150,0.908,1200.000,feop_fwhm,True,success
9000000232,spec-1626-53472-0292.fits,Liu+2014,True,0.287,C,C,1168.129,1168.101,-0.028,1.460,2,success,C,C,388.939,388.938,-0.001,14.653,1274.821,"feop_norm,feuv_shift",True,success
9000000234,spec-1231-52725-0479.fits,Liu+2014,True,0.168,F,C,265.673,258.759,-6.914,12.552,2,success,W,W,147.938,147.944,0.006,34.272,1363.576,,False,success
9000000235,spec-0884-52374-0133.fits,Liu+2014,True,0.321,A,A,1152.973,1148.945,-4.028,5.580,1,success,A,A,983.430,983.384,-0.046,2.696,3043.752,,True,success
9000000235,spec-8220-57432-0180.fits,Liu+2014,False,0.321,A,A,1045.102,1038.652,-6.450,4.257,1,success,A,A,735.975,735.310,-0.665,7.935,2713.580,,True,success
9000000236,spec-1627-53473-0126.fits,Liu+2014,True,0.509,A,A,929.487,918.610,-10.877,6.882,1,success,--,,,,,,3156.981,,False,success
9000000237,spec-1616-53169-0351.fits,Liu+2014,True,0.292,C,C,-742.906,-742.302,0.604,18.114,2,success,C,C,-383.820,-387.491,-3.671,9.823,1957.041,feuv_shift,True,success
9000000238,spec-0290-51941-0329.fits,Liu+2014,True,0.477,C,A,-457.602,-461.078,-3.476,12.822,2,success,--,,,,,,9936.756,"feop_norm,feop_shift,feuv_fwhm,feuv_shift",False,success
9000000239,spec-0520-52288-0606.fits,Liu+2014,True,0.793,F,F,-177.205,-177.900,-0.695,6.135,1,success,--,,,,,,9996.847,"feop_norm,feuv_fwhm,feuv_shift",False,success
9000000240,spec-2599-54234-0478.fits,Liu+2014,True,0.254,A,A,388.917,381.715,-7.202,14.598,2,success,A,A,335.284,332.271,-3.014,10.980,1247.119,,True,success
9000000241,spec-0846-52407-0395.fits,Liu+2014,True,0.541,A,A,-402.061,-404.352,-2.290,4.069,2,success,--,,,,,,1672.439,,False,success
9000000242,spec-1628-53474-0632.fits,Liu+2014,True,0.330,C,C,301.370,300.221,-1.149,23.205,3,success,A,A,343.292,342.095,-1.197,9.629,1200.000,"feop_fwhm,feuv_shift",True,success
9000000243,spec-1987-53765-0351.fits,Liu+2014,False,0.664,A,B,-348.239,-355.542,-7.304,13.638,2,success,--,,,,,,1214.942,feuv_fwhm,False,success
9000000243,spec-2020-53431-0021.fits,Liu+2014,True,0.664,C,B,-272.378,-268.911,3.468,1.527,2,success,--,,,,,,1509.414,"feuv_fwhm,feuv_shift",False,success
9000000243,spec-10248-58220-0245.fits,Liu+2014,False,0.664,C,C,-77.062,-74.373,2.689,13.189,3,success,--,,,,,,1313.902,,False,success
9000000244,spec-2707-54144-0457.fits,Liu+2014,True,0.394,C,C,443.631,443.629,-0.001,91.612,3,success,--,,,,,,1244.000,"feop_norm,feuv_shift",True,success
9000000245,spec-0336-51999-0441.fits,Liu+2014,True,0.492,C,C,447.356,393.446,-53.910,10.185,3,success,--,,,,,,1200.000,"feop_fwhm,feuv_fwhm,feuv_shift",False,success
9000000246,spec-1455-53089-0119.fits,Liu+2014,True,0.434,A,A,455.264,426.623,-28.641,6.466,1,success,--,,,,,,2646.629,,True,success
9000000246,spec-7416-56810-0450.fits,Liu+2014,False,0.434,C,C,249.431,216.296,-33.135,15.684,3,success,C,C,-103.380,-103.802,-0.422,23.555,1200.000,feop_fwhm,False,success
9000000247,spec-0886-52381-0288.fits,Liu+2014,True,0.392,A,A,330.156,334.002,3.846,0.431,1,success,--,,,,,,2250.029,feuv_shift,True,success
9000000248,spec-1455-53089-0545.fits,Liu+2014,True,0.428,C,C,854.671,854.662,-0.010,12.862,2,success,--,,,,,,2530.473,"feop_shift,feuv_shift",True,success
9000000248,spec-7416-56810-0611.fits,Liu+2014,False,0.428,C,C,453.550,385.190,-68.360,5.360,2,success,A,A,749.903,750.110,0.207,3.245,3726.799,feop_shift,False,success
9000000249,spec-0847-52426-0105.fits,Liu+2014,True,0.749,B,B,354.965,348.835,-6.130,12.045,2,success,--,,,,,,1200.000,"feop_fwhm,feuv_fwhm",False,success
9000000250,spec-2601-54144-0515.fits,Liu+2014,True,0.720,A,A,-497.127,-518.830,-21.703,2.763,1,success,--,,,,,,1257.040,feuv_fwhm,False,success
9000000251,spec-1994-53845-0381.fits,Liu+2014,True,0.511,A,C,513.686,363.754,-149.931,9.786,2,success,--,,,,,,1218.959,feuv_fwhm,False,success
9000000251,spec-10250-58472-0093.fits,Liu+2014,False,0.511,C,C,466.242,454.095,-12.147,9.288,2,success,C,C,381.546,380.758,-0.788,11.519,1200.000,"feop_fwhm,feuv_fwhm",False,success
9000000255,spec-2603-54479-0443.fits,Liu+2014,True,0.118,C,C,758.494,842.859,84.365,6.762,2,success,C,C,544.594,546.386,1.791,132.148,2246.126,,False,success
9000000256,spec-2006-53476-0628.fits,Liu+2014,True,0.148,C,C,-450.113,-456.633,-6.520,11.096,2,success,C,C,-343.805,-340.574,3.232,145.262,4279.992,,False,success
9000000256,spec-10253-58487-0565.fits,Liu+2014,False,0.148,C,C,-55.591,-71.677,-16.086,6.480,2,success,C,C,-229.545,-230.751,-1.206,125.280,1352.148,,False,success
9000000257,spec-2016-53799-0216.fits,Liu+2014,True,0.300,C,C,472.063,466.508,-5.555,6.748,2,success,A,A,383.729,383.048,-0.681,0.542,1200.012,,True,success
9000000257,spec-10251-58173-0063.fits,Liu+2014,False,0.300,C,C,588.707,588.686,-0.021,11.818,3,success,A,A,376.847,376.843,-0.003,2.177,9628.530,feop_norm,True,success
9000000258,spec-1796-53884-0104.fits,Liu+2014,True,0.505,C,C,-311.456,-311.963,-0.507,2.922,2,success,--,,,,,,1404.855,,False,success
9000000260,spec-1697-53142-0009.fits,Liu+2014,True,0.316,F,F,-92.465,-92.484,-0.019,7.988,2,success,F,F,-215.269,-215.276,-0.007,1.959,2626.184,feop_norm,True,success
9000000261,spec-2664-54524-0147.fits,Liu+2014,True,0.394,C,C,898.500,898.465,-0.035,14.414,2,success,--,,,,,,9956.085,feop_norm,True,success
9000000262,spec-0527-52342-0229.fits,Liu+2014,True,0.197,F,F,220.945,221.178,0.233,8.528,2,success,F,F,189.779,189.787,0.008,127.852,4726.284,"feop_norm,feop_shift",False,success
9000000263,spec-1699-53148-0113.fits,Liu+2014,True,0.679,A,A,-754.154,-834.672,-80.518,5.232,1,success,--,,,,,,1635.080,"feuv_fwhm,feuv_shift",False,success
9000000264,spec-0298-51662-0575.fits,Liu+2014,False,0.416,F,F,286.392,286.895,0.503,11.394,2,success,--,,,,,,9257.967,"feop_norm,feuv_shift",True,success
9000000264,spec-0298-51955-0566.fits,Liu+2014,False,0.416,F,F,196.300,196.039,-0.261,3.809,1,success,--,,,,,,3706.244,"feop_norm,feop_shift,feuv_shift",True,success
9000000264,spec-0528-52022-0202.fits,Liu+2014,True,0.416,A,A,363.101,367.188,4.087,16.161,2,success,--,,,,,,10000.000,"feop_fwhm,feop_shift,feuv_shift",True,success
9000000265,spec-1801-54156-0095.fits,Liu+2014,True,0.430,A,A,795.394,799.905,4.511,3.479,1,success,--,,,,,,1244.000,"feop_norm,feuv_shift",True,success
9000000266,spec-1993-53762-0034.fits,Liu+2014,True,0.403,C,C,545.977,540.003,-5.974,13.313,2,success,--,,,,,,1820.774,,True,success
9000000267,spec-2654-54231-0247.fits,Liu+2014,True,0.536,A,A,-370.663,-379.715,-9.052,4.694,1,success,--,,,,,,2347.059,"feuv_fwhm,feuv_shift",False,success
9000000268,spec-0497-51989-0419.fits,Liu+2014,True,0.551,A,A,572.355,708.076,135.721,3.222,2,success,--,,,,,,1388.207,,False,success
9000000269,spec-0299-51671-0133.fits,Liu+2014,True,0.237,A,A,688.627,688.632,0.005,77.599,3,success,A,A,603.588,603.580,-0.008,65.230,2394.498,feop_norm,False,success
9000000270,spec-0960-52425-0069.fits,Liu+2014,True,0.419,F,F,-227.304,-221.333,5.971,10.210,2,success,--,,,,,,1723.388,,True,success
9000000270,spec-0960-52466-0064.fits,Liu+2014,False,0.419,F,F,-169.077,-174.615,-5.537,6.904,2,success,--,,,,,,1642.211,,True,success
9000000270,spec-8199-57428-0482.fits,Liu+2014,False,0.419,C,F,-238.318,-235.395,2.923,2.818,2,success,F,F,-117.460,-115.956,1.504,36.920,1726.508,"feuv_fwhm,feuv_shift",False,success
9000000271,spec-0497-51989-0466.fits,Liu+2014,True,0.128,F,F,164.460,165.516,1.056,2.010,2,success,F,F,119.992,119.437,-0.555,111.345,1553.603,,False,success
9000000272,spec-1701-53142-0200.fits,Liu+2014,True,0.126,C,C,354.519,351.538,-2.981,7.562,2,success,A,A,382.262,382.929,0.667,53.828,1200.000,"feop_fwhm,feop_shift",False,success
9000000273,spec-0787-52320-0348.fits,Liu+2014,True,0.653,C,C,541.036,526.846,-14.190,12.123,2,success,--,,,,,,2587.016,feuv_fwhm,False,success
9000000274,spec-2742-54233-0493.fits,Liu+2014,True,0.810,F,F,-80.553,-79.730,0.822,15.279,1,success,--,,,,,,9997.456,"feop_norm,feuv_fwhm",False,success
9000000275,spec-2742-54233-0543.fits,Liu+2014,True,0.461,A,F,304.425,298.715,-5.710,1.412,1,success,--,,,,,,9956.000,"feop_norm,feuv_fwhm",False,success
9000000276,spec-2770-54510-0399.fits,Liu+2014,True,0.395,F,F,-76.401,-52.486,23.915,11.096,1,success,--,,,,,,1729.121,,True,success
9000000277,spec-1378-53061-0158.fits,Liu+2014,True,0.266,C,B,-814.167,-287.476,526.691,15.369,2,success,C,C,-62.807,-67.936,-5.128,14.320,1941.186,,True,success
9000000277,spec-8848-57875-0832.fits,Liu+2014,False,0.266,W,W,-939.361,-948.204,-8.843,7.368,1,success,C,C,-341.984,-370.832,-28.848,4.855,1654.064,,True,success
9000000278,spec-1378-53061-0527.fits,Liu+2014,True,0.545,A,A,-755.654,-792.631,-36.976,5.312,1,success,--,,,,,,1200.082,"feuv_fwhm,feuv_shift",False,success
9000000278,spec-8392-57483-0097.fits,Liu+2014,False,0.545,A,A,-719.058,-711.289,7.769,0.500,1,success,C,C,-923.500,-929.130,-5.629,14.941,1620.779,"feuv_fwhm,feuv_shift",False,success
9000000279,spec-2743-54259-0026.fits,Liu+2014,True,0.215,C,C,430.993,431.001,0.008,7.929,2,success,F,F,150.621,150.622,0.000,1.633,2437.215,feop_norm,False,success
9000000280,spec-1703-53799-0430.fits,Liu+2014,True,0.382,A,A,336.389,330.093,-6.297,9.730,1,success,C,C,163.372,162.110,-1.261,14.439,1880.016,,True,success
9000000281,spec-1704-53178-0562.fits,Liu+2014,True,0.318,F,F,-13.045,-15.627,-2.582,14.266,2,success,F,F,-113.165,-115.671,-2.506,14.292,1200.000,feop_fwhm,True,success
9000000282,spec-2772-54529-0231.fits,Liu+2014,True,0.238,C,C,677.613,677.621,0.008,104.339,3,success,A,A,633.336,633.344,0.008,17.842,1200.000,"feop_norm,feop_fwhm,feop_shift",False,success
9000000283,spec-0498-51973-0555.fits,Liu+2014,False,0.357,F,F,27.366,28.173,0.807,10.128,1,success,C,C,7.865,7.800,-0.065,14.781,9991.164,"feop_norm,feuv_shift",True,success
9000000283,spec-0498-51984-0555.fits,Liu+2014,True,0.357,F,F,-272.121,-271.376,0.745,1.178,1,success,F,F,-191.257,-189.752,1.505,2.154,1233.069,feop_norm,True,success
9000000284,spec-1810-53794-0439.fits,Liu+2014,True,0.285,F,F,241.051,244.126,3.075,10.784,1,success,F,F,188.089,185.969,-2.120,10.532,1679.243,,True,success
9000000285,spec-1347-52823-0086.fits,Liu+2014,True,0.363,A,A,979.891,963.359,-16.533,2.720,2,success,A,A,543.642,543.060,-0.581,7.488,1200.000,feop_fwhm,True,success
9000000285,spec-8504-57518-0442.fits,Liu+2014,False,0.363,A,C,702.918,690.881,-12.037,3.330,2,success,A,A,352.453,353.024,0.571,35.245,1264.477,"feop_norm,feuv_fwhm,feuv_shift",False,success
9000000286,spec-0583-52055-0497.fits,Liu+2014,True,0.241,A,C,530.906,499.900,-31.007,35.733,2,success,F,F,265.348,264.311,-1.037,6.026,1463.716,pl_alpha,False,success
9000000287,spec-1644-53144-0221.fits,Liu+2014,True,0.825,C,C,-393.358,-383.732,9.627,10.127,2,success,--,,,,,,1392.504,feuv_fwhm,False,success
9000000287,spec-10757-58223-0500.fits,Liu+2014,False,0.825,C,A,-490.234,-514.638,-24.404,10.154,2,success,--,,,,,,2443.993,feuv_fwhm,False,success
9000000288,spec-1045-52725-0072.fits,Liu+2014,True,0.276,B,B,2114.962,2114.961,-0.001,59.417,3,success,B,B,-851.049,-851.109,-0.060,68.664,9956.000,"feop_norm,feuv_shift",True,success
9000000288,spec-8405-57835-0052.fits,Liu+2014,False,0.276,B,B,-811.921,-811.922,-0.002,56.222,3,success,B,B,-886.935,-886.937,-0.002,101.629,9956.000,"feop_norm,feuv_shift",True,success
9000000288,spec-8406-57513-0653.fits,Liu+2014,False,0.276,B,B,1814.783,1814.399,-0.384,48.496,3,success,B,B,-786.306,-786.631,-0.325,90.094,1244.000,"feop_norm,feuv_shift",True,success
9000000289,spec-1288-52731-0236.fits,Liu+2014,True,0.208,A,A,-482.751,-480.084,2.667,13.706,1,success,F,F,-59.234,-59.407,-0.173,9.860,2202.923,,False,success
9000000289,spec-8496-58159-0600.fits,Liu+2014,False,0.208,F,F,-167.500,-160.748,6.752,15.943,1,success,F,F,83.278,81.921,-1.357,1.647,1786.903,,True,success
9000000290,spec-1046-52460-0463.fits,Liu+2014,True,0.629,W,W,-221.559,-224.801,-3.242,8.140,1,success,--,,,,,,1249.493,feuv_fwhm,False,success
9000000290,spec-8404-57481-0480.fits,Liu+2014,False,0.629,W,W,-129.700,-133.128,-3.429,0.492,1,success,--,,,,,,1200.000,"feop_fwhm,feuv_fwhm,feuv_shift",False,success
9000000291,spec-1645-53172-0474.fits,Liu+2014,True,0.620,A,A,-444.930,-518.919,-73.989,14.818,2,success,--,,,,,,1950.830,feuv_fwhm,False,success
9000000291,spec-10757-58223-0074.fits,Liu+2014,False,0.620,C,C,-98.862,-123.844,-24.982,4.799,2,success,--,,,,,,2201.389,feuv_fwhm,False,success
9000000292,spec-1396-53112-0227.fits,Liu+2014,True,0.579,C,C,463.577,459.659,-3.918,8.613,2,success,--,,,,,,1200.000,"feop_norm,feop_fwhm,feop_shift,feuv_fwhm,feuv_shift",False,success
9000000292,spec-8497-58161-0492.fits,Liu+2014,False,0.579,C,F,123.086,120.047,-3.039,6.523,2,success,--,,,,,,1200.013,"feuv_fwhm,feuv_shift",False,success
9000000293,spec-2137-54206-0378.fits,Liu+2014,True,0.346,C,C,-189.755,-188.650,1.104,3.422,2,success,F,F,-190.494,-189.640,0.854,6.611,1200.000,"feop_fwhm,feuv_shift",True,success
9000000294,spec-0607-52368-0581.fits,Liu+2014,True,0.554,C,A,-434.621,-433.948,0.673,14.045,2,success,--,,,,,,2884.333,feuv_fwhm,False,success
9000000294,spec-2947-54533-0226.fits,Liu+2014,False,0.554,F,F,-219.804,-207.713,12.091,4.416,1,success,--,,,,,,1944.129,"feuv_fwhm,feuv_shift",False,success
9000000294,spec-6983-56447-0436.fits,Liu+2014,False,0.554,F,F,-196.425,-210.235,-13.810,4.899,2,success,F,F,-186.615,-186.340,0.275,4.295,5529.868,"feuv_fwhm,feuv_shift",False,success
9000000295,spec-2137-54206-0501.fits,Liu+2014,True,0.386,F,F,-272.966,-271.961,1.005,2.610,2,success,--,,,,,,9956.000,"feop_norm,feuv_shift",True,success
9000000296,spec-1397-53119-0327.fits,Liu+2014,True,0.475,C,C,-351.961,-342.531,9.429,10.855,2,success,--,,,,,,2574.720,,False,success
9000000296,spec-8497-58161-0154.fits,Liu+2014,False,0.475,C,C,-188.782,-197.988,-9.206,7.479,2,success,F,F,-214.171,-216.288,-2.117,22.168,1939.423,feuv_fwhm,False,success
9000000297,spec-0609-52339-0428.fits,Liu+2014,True,0.351,C,C,373.794,373.786,-0.008,14.266,2,success,F,F,267.710,267.709,-0.001,12.825,4539.810,"feop_norm,feop_shift",True,success
9000000297,spec-6983-56447-0734.fits,Liu+2014,False,0.351,C,C,219.269,219.440,0.170,2.850,2,success,F,F,140.928,140.921,-0.007,3.305,9970.625,"feop_norm,feop_shift",True,success
9000000298,spec-1675-53466-0106.fits,Liu+2014,True,0.819,A,A,-612.008,-612.356,-0.348,10.631,1,success,--,,,,,,9422.300,feop_norm,False,success
9000000298,spec-8489-57483-0422.fits,Liu+2014,False,0.819,A,A,-436.871,-431.786,5.085,5.122,1,success,--,,,,,,9942.225,"feop_norm,feuv_fwhm",False,success
9000000299,spec-0587-52026-0624.fits,Liu+2014,True,0.449,A,A,-324.910,-369.008,-44.098,14.337,2,success,--,,,,,,1515.675,"feuv_fwhm,feuv_shift",False,success
9000000300,spec-1843-53816-0399.fits,Liu+2014,True,0.458,C,C,-258.079,-259.259,-1.180,13.680,3,success,--,,,,,,9999.087,"feop_norm,feuv_fwhm,feuv_shift",False,success
9000000301,spec-1713-53827-0500.fits,Liu+2014,True,0.789,C,C,912.907,913.790,0.883,13.537,2,success,--,,,,,,1395.217,"feop_shift,feuv_fwhm",False,success
9000000302,spec-2144-53770-0492.fits,Liu+2014,True,0.335,C,C,-182.978,-205.650,-22.672,2.680,2,success,C,C,-130.686,-132.452,-1.766,24.441,1241.083,,True,success
9000000303,spec-0588-52029-0375.fits,Liu+2014,False,0.620,A,A,833.555,809.492,-24.063,4.129,1,success,--,,,,,,1200.000,feop_fwhm,False,success
9000000303,spec-0588-52045-0366.fits,Liu+2014,True,0.620,A,A,580.378,574.894,-5.484,14.094,2,success,--,,,,,,3857.054,"feop_shift,feuv_fwhm",False,success
9000000304,spec-1714-53521-0499.fits,Liu+2014,True,0.428,F,F,195.696,208.661,12.965,3.627,1,success,--,,,,,,1200.000,"feop_fwhm,feuv_shift",True,success
9000000305,spec-1290-52734-0390.fits,Liu+2014,True,0.296,A,A,922.959,757.700,-165.259,7.694,1,success,F,F,172.650,163.534,-9.116,0.762,2618.280,,True,success
9000000305,spec-8493-58162-0658.fits,Liu+2014,False,0.296,A,A,775.970,742.782,-33.188,2.184,1,success,A,A,589.516,585.388,-4.128,4.138,2382.738,,True,success
9000000306,spec-1713-53827-0019.fits,Liu+2014,True,0.279,C,C,665.932,665.937,0.005,1.562,2,success,C,C,519.221,519.220,-0.001,25.355,9956.000,"feop_norm,feuv_shift",True,success
9000000306,spec-5476-55986-0848.fits,Liu+2014,False,0.279,C,C,687.947,688.051,0.104,0.127,2,success,C,C,318.194,318.162,-0.032,15.557,2391.586,"feop_norm,feop_shift",True,success
9000000307,spec-0611-52055-0341.fits,Liu+2014,True,0.281,A,A,-318.569,-325.921,-7.352,13.597,2,success,A,A,-329.583,-331.503,-1.921,17.860,1322.419,,True,success
9000000308,spec-2778-54539-0414.fits,Liu+2014,True,0.734,C,C,917.098,923.721,6.622,11.015,2,success,--,,,,,,9994.269,"feop_norm,feop_shift,feuv_fwhm",False,success
9000000309,spec-1384-53121-0330.fits,Liu+2014,True,0.520,C,C,195.317,193.225,-2.092,0.753,2,success,--,,,,,,9991.111,"feop_norm,feuv_fwhm,feuv_shift",False,success
9000000309,spec-10747-58220-0524.fits,Liu+2014,False,0.520,C,C,-524.292,-533.118,-8.826,9.357,2,success,A,A,-404.095,-404.645,-0.550,1.368,1200.056,"feop_norm,feop_shift,feuv_fwhm,feuv_shift",False,success
9000000310,spec-1351-52790-0493.fits,Liu+2014,True,0.532,C,C,604.703,585.932,-18.771,12.818,2,success,--,,,,,,4311.431,feop_shift,False,success
9000000310,spec-10748-58224-0856.fits,Liu+2014,False,0.532,C,C,1179.785,1153.466,-26.319,10.630,3,success,A,A,601.723,601.175,-0.548,10.073,3735.049,feop_norm,False,success
9000000311,spec-2764-54535-0053.fits,Liu+2014,True,0.587,C,C,266.854,267.741,0.887,26.351,3,success,--,,,,,,1577.958,feuv_fwhm,False,success
9000000312,spec-1351-52790-0088.fits,Liu+2014,True,0.247,A,A,-327.399,-326.985,0.414,1.913,2,success,W,W,-180.797,-180.838,-0.041,30.461,1881.745,,True,success
9000000312,spec-10747-58220-0638.fits,Liu+2014,False,0.247,W,W,-149.324,-145.799,3.526,15.482,2,success,W,W,-103.179,-105.727,-2.548,54.955,1370.864,,True,success
9000000313,spec-1384-53121-0441.fits,Liu+2014,True,0.478,A,A,-752.912,-743.744,9.168,14.463,1,success,--,,,,,,1200.000,"feop_fwhm,feuv_fwhm,feuv_shift",False,success
9000000313,spec-10747-58220-0686.fits,Liu+2014,False,0.478,F,F,-130.072,-130.574,-0.502,9.964,1,success,A,A,-318.625,-318.410,0.215,2.321,1205.235,,False,success
9000000314,spec-1647-53531-0628.fits,Liu+2014,True,0.645,C,C,896.551,896.640,0.090,114.127,3,success,--,,,,,,1200.088,"feop_norm,feop_shift,feuv_fwhm",False,success
9000000315,spec-1716-53827-0532.fits,Liu+2014,True,0.399,A,F,-306.340,-297.435,8.905,10.395,2,success,--,,,,,,1709.564,,True,success
9000000316,spec-1049-52751-0541.fits,Liu+2014,True,0.823,A,A,621.098,621.294,0.196,13.679,1,success,--,,,,,,9947.056,"feop_norm,feuv_fwhm,feuv_shift",False,success
9000000316,spec-8432-57834-0094.fits,Liu+2014,False,0.823,A,A,475.894,480.363,4.469,1.519,1,success,--,,,,,,9956.000,"feop_norm,feuv_fwhm",False,success
9000000317,spec-0610-52056-0554.fits,Liu+2014,True,0.443,A,A,-653.818,-491.598,162.221,2.142,1,success,--,,,,,,2762.728,,True,success
9000000317,spec-8423-58198-0497.fits,Liu+2014,False,0.443,F,A,-274.689,-332.247,-57.558,11.096,3,success,C,C,-174.369,-174.961,-0.592,21.980,7142.896,feuv_shift,False,success
9000000318,spec-1292-52736-0343.fits,Liu+2014,True,0.343,F,F,-266.525,-267.188,-0.663,7.681,2,success,F,F,-243.496,-244.142,-0.645,2.771,1745.346,feuv_shift,True,success
9000000318,spec-8523-58174-0687.fits,Liu+2014,False,0.343,C,C,-214.326,-214.412,-0.086,12.717,2,success,F,F,-208.908,-208.897,0.012,12.834,9769.065,"feop_norm,feop_shift",True,success
9000000318,spec-11649-58514-0708.fits,Liu+2014,False,0.343,C,C,-186.167,-186.154,0.013,3.998,2,success,F,F,-249.458,-249.458,-0.000,31.281,1201.641,"feop_norm,feuv_shift",True,success
9000000319,spec-2155-53820-0379.fits,Liu+2014,True,0.347,F,F,107.055,173.554,66.499,0.060,1,success,A,A,328.982,323.554,-5.427,7.286,1801.610,,True,success
9000000320,spec-1165-52703-0202.fits,Liu+2014,True,0.220,A,A,801.811,813.582,11.770,0.930,1,success,C,C,403.322,398.973,-4.349,0.830,1324.415,,False,success
9000000320,spec-8397-57482-0142.fits,Liu+2014,False,0.220,W,W,725.422,730.193,4.770,11.382,2,success,W,W,456.212,459.491,3.279,62.157,1422.309,,True,success
9000000322,spec-2157-54242-0195.fits,Liu+2014,True,0.203,C,C,640.912,640.501,-0.411,47.041,3,success,C,C,641.850,640.353,-1.497,213.179,1654.711,,False,success
9000000323,spec-1330-52822-0441.fits,Liu+2014,True,0.409,C,F,-254.477,-194.939,59.538,3.411,2,success,--,,,,,,1200.000,feop_fwhm,True,success
9000000323,spec-8431-57482-0750.fits,Liu+2014,False,0.409,F,C,19.107,3.138,-15.969,1.800,2,success,C,C,-8.562,-9.499,-0.937,63.483,1200.000,"feop_fwhm,feuv_fwhm,feuv_shift",False,success
9000000324,spec-1165-52703-0624.fits,Liu+2014,True,0.371,F,C,-290.188,-256.458,33.730,10.243,3,success,F,F,-114.461,-109.781,4.679,7.878,1673.091,,True,success
9000000324,spec-8394-57865-0172.fits,Liu+2014,False,0.371,C,C,-272.882,-272.790,0.091,27.871,3,success,F,F,-171.440,-171.415,0.025,50.064,4135.696,feop_norm,False,success
9000000324,spec-8395-57834-0544.fits,Liu+2014,False,0.371,C,C,-316.404,-309.442,6.962,18.478,3,success,C,C,-387.727,-391.272,-3.546,69.178,1200.000,feop_fwhm,False,success
9000000325,spec-1833-54561-0629.fits,Liu+2014,True,0.499,C,C,272.601,268.676,-3.926,15.577,2,success,--,,,,,,2109.124,feuv_fwhm,False,success
9000000326,spec-2158-54209-0465.fits,Liu+2014,True,0.313,C,C,-89.536,-89.661,-0.125,16.011,3,success,F,F,-237.903,-237.832,0.071,3.323,2293.490,,True,success
9000000327,spec-1678-53433-0420.fits,Liu+2014,True,0.548,C,C,457.962,457.685,-0.277,11.735,2,success,--,,,,,,6372.414,,False,success
9000000327,spec-8519-58198-0055.fits,Liu+2014,False,0.548,C,C,195.321,197.414,2.093,15.879,3,success,F,F,184.951,196.980,12.029,5.213,9037.428,"feuv_fwhm,feuv_shift",False,success
9000000328,spec-1386-53116-0082.fits,Liu+2014,True,0.302,A,A,332.282,328.101,-4.181,7.547,2,success,A,A,319.008,318.723,-0.286,10.177,1200.000,feop_fwhm,True,success
9000000329,spec-0924-52409-0369.fits,Liu+2014,True,0.397,C,C,302.065,302.049,-0.016,3.108,2,success,--,,,,,,1200.000,"feop_fwhm,feop_shift,feuv_shift",True,success
9000000330,spec-2781-54266-0299.fits,Liu+2014,True,0.647,A,A,1519.088,1516.501,-2.587,8.688,1,success,--,,,,,,9956.000,"feop_norm,feuv_fwhm",False,success
9000000331,spec-1721-53857-0373.fits,Liu+2014,True,0.321,F,F,137.083,137.531,0.448,5.558,1,success,C,C,-164.709,-164.862,-0.153,5.432,1244.054,feop_norm,True,success
9000000332,spec-1331-52766-0081.fits,Liu+2014,True,0.296,F,F,-172.322,-169.793,2.529,9.101,1,success,F,F,-115.532,-115.644,-0.112,2.462,1668.272,,True,success
9000000332,spec-8514-58174-0036.fits,Liu+2014,False,0.296,F,F,-29.155,41.443,70.598,14.228,1,success,F,F,-68.226,-71.696,-3.470,28.512,1730.545,,True,success
9000000333,spec-2161-53878-0107.fits,Liu+2014,True,0.431,C,C,-746.943,-746.895,0.048,38.774,3,success,--,,,,,,9956.000,"feop_norm,feuv_shift",True,success
9000000334,spec-1819-54540-0140.fits,Liu+2014,True,0.174,F,F,249.848,250.011,0.163,297.559,3,success,F,F,250.153,250.087,-0.066,19.419,9994.022,feop_norm,False,success
9000000335,spec-0313-51673-0066.fits,Liu+2014,True,0.606,F,F,-55.597,-79.821,-24.224,0.071,1,success,--,,,,,,1247.445,"feuv_fwhm,feuv_shift",False,success
9000000336,spec-1820-54208-0504.fits,Liu+2014,True,0.298,C,C,-389.839,-379.689,10.150,8.138,2,success,A,A,-342.167,-343.550,-1.383,48.354,1528.538,feuv_shift,True,success
9000000337,spec-0616-52374-0442.fits,Liu+2014,True,0.447,A,A,800.387,797.069,-3.319,6.839,2,success,--,,,,,,10000.000,feop_fwhm,False,success
9000000337,spec-0616-52442-0474.fits,Liu+2014,False,0.447,C,C,786.029,794.815,8.786,0.424,2,success,--,,,,,,2295.895,"feop_shift,feuv_fwhm",False,success
9000000337,spec-8419-58249-0473.fits,Liu+2014,False,0.447,A,A,673.726,673.825,0.099,10.045,2,success,A,A,552.436,552.411,-0.025,3.776,4227.515,feuv_fwhm,False,success
9000000337,spec-8421-58223-0003.fits,Liu+2014,False,0.447,C,C,649.668,622.751,-26.917,11.822,3,success,A,A,537.438,536.601,-0.837,10.177,10000.000,"feop_fwhm,feuv_shift",False,success
9000000338,spec-1725-54266-0364.fits,Liu+2014,True,0.234,F,A,285.622,306.569,20.947,11.513,1,success,F,F,137.710,138.799,1.089,11.079,2101.095,,False,success
9000000339,spec-2517-54567-0313.fits,Liu+2014,True,0.402,C,C,-500.997,-501.028,-0.031,1.516,2,success,--,,,,,,9956.000,"feop_norm,feuv_shift",True,success
9000000340,spec-1680-53171-0137.fits,Liu+2014,True,0.432,A,A,604.436,606.945,2.509,3.956,1,success,--,,,,,,1200.000,"feop_fwhm,feop_shift,feuv_shift",True,success
9000000340,spec-8513-57842-0402.fits,Liu+2014,False,0.432,C,C,179.140,178.921,-0.219,12.915,2,success,C,C,-281.831,-281.800,0.031,3.890,5778.694,feop_norm,False,success
9000000341,spec-1389-53135-0022.fits,Liu+2014,False,0.537,C,C,408.837,412.799,3.961,11.981,2,success,--,,,,,,1200.955,,False,success
9000000341,spec-1390-53142-0363.fits,Liu+2014,True,0.537,A,A,677.006,630.061,-46.945,3.386,1,success,--,,,,,,2430.119,,False,success
9000000342,spec-1333-52782-0101.fits,Liu+2014,True,0.322,A,C,-310.953,-313.315,-2.363,10.988,3,success,F,F,-250.578,-252.363,-1.784,18.167,2423.493,,True,success
9000000342,spec-8508-57845-0320.fits,Liu+2014,False,0.322,F,C,-286.542,-264.252,22.290,38.980,3,success,F,F,-266.405,-266.700,-0.295,37.877,1515.086,,True,success
9000000343,spec-0617-52072-0606.fits,Liu+2014,True,0.356,F,F,272.806,273.706,0.900,6.440,2,success,F,F,184.683,184.073,-0.610,7.175,7520.489,,True,success
9000000343,spec-8418-58199-0616.fits,Liu+2014,False,0.356,A,A,584.378,584.372,-0.005,2.142,1,success,A,A,339.028,339.031,0.003,14.959,1207.059,feop_norm,True,success
9000000344,spec-2171-53557-0400.fits,Liu+2014,True,0.430,C,C,369.387,340.089,-29.297,14.344,2,success,--,,,,,,1345.866,,True,success
9000000345,spec-1727-53859-0099.fits,Liu+2014,True,0.738,A,A,1005.252,983.333,-21.920,8.449,1,success,--,,,,,,1307.308,"feop_shift,feuv_fwhm",False,success
9000000346,spec-2523-54572-0438.fits,Liu+2014,True,0.509,F,F,-281.719,-297.258,-15.539,1.153,1,success,--,,,,,,2125.660,feuv_fwhm,False,success
9000000347,spec-2199-53556-0202.fits,Liu+2014,True,0.454,A,A,-374.484,-378.878,-4.393,6.359,2,success,--,,,,,,2098.263,feuv_fwhm,False,success
9000000348,spec-0595-52023-0015.fits,Liu+2014,True,0.346,A,A,616.673,618.957,2.284,10.290,2,success,A,A,409.715,409.805,0.090,0.293,5891.409,,True,success
9000000349,spec-1578-53496-0455.fits,Liu+2014,True,0.558,A,A,628.595,626.733,-1.862,4.296,1,success,--,,,,,,1244.000,"feop_norm,feop_shift,feuv_fwhm,feuv_shift",False,success
9000000350,spec-0345-51690-0358.fits,Liu+2014,True,0.382,C,C,2406.659,2415.402,8.743,3.955,2,success,A,A,2453.753,2490.920,37.167,2.203,6163.260,,True,success
9000000351,spec-0813-52354-0531.fits,Liu+2014,True,0.538,F,F,-240.222,-239.785,0.437,14.956,2,success,--,,,,,,1540.917,"feuv_fwhm,feuv_shift",False,success
9000000351,spec-8060-57894-0393.fits,Liu+2014,False,0.538,A,A,-327.877,-335.016,-7.138,10.534,2,success,F,F,-268.570,-270.807,-2.237,5.117,1293.165,"feuv_fwhm,feuv_shift",False,success
9000000352,spec-2199-53556-0044.fits,Liu+2014,True,0.368,A,A,440.678,406.694,-33.984,1.885,1,success,F,F,274.538,273.520,-1.018,4.936,2702.081,,True,success
9000000353,spec-1170-52756-0461.fits,Liu+2014,True,0.597,C,C,-425.216,-429.415,-4.199,3.457,2,success,--,,,,,,1200.100,"feuv_fwhm,feuv_shift",False,success
9000000353,spec-8525-57900-0486.fits,Liu+2014,False,0.597,C,C,551.848,538.856,-12.993,33.430,3,success,--,,,,,,9998.295,"feop_norm,feuv_fwhm",False,success
9000000354,spec-1336-52759-0385.fits,Liu+2014,True,0.459,A,A,480.378,474.979,-5.399,8.425,1,success,--,,,,,,1201.944,"feop_norm,feop_shift",False,success
9000000354,spec-10732-58253-0806.fits,Liu+2014,False,0.459,A,A,465.578,465.664,0.086,3.438,1,success,F,F,182.582,182.559,-0.022,9.090,3668.083,,False,success
9000000355,spec-1577-53495-0169.fits,Liu+2014,True,0.331,A,A,346.248,346.184,-0.064,1.516,1,success,F,F,278.192,278.677,0.485,1.808,7249.034,feop_norm,True,success
9000000356,spec-2201-53904-0366.fits,Liu+2014,True,0.244,C,C,-218.795,-218.490,0.305,10.474,2,success,A,A,-367.885,-367.550,0.335,9.171,1202.815,,False,success
9000000357,spec-0624-52377-0397.fits,Liu+2014,True,0.729,A,A,386.737,353.456,-33.281,0.830,1,success,--,,,,,,9956.000,"feop_norm,feuv_fwhm",False,success
9000000357,spec-8543-57542-0536.fits,Liu+2014,False,0.729,F,F,165.800,162.925,-2.876,11.594,2,success,--,,,,,,1200.000,"feop_fwhm,feuv_fwhm",False,success
9000000358,spec-1420-53146-0514.fits,Liu+2014,True,0.446,A,C,547.405,410.861,-136.544,3.313,2,success,--,,,,,,1941.600,feuv_fwhm,False,success
9000000358,spec-10918-58254-0818.fits,Liu+2014,False,0.446,C,C,89.432,77.079,-12.353,7.666,2,success,F,F,65.134,64.799,-0.335,3.474,2041.720,feuv_fwhm,False,success
9000000359,spec-1732-53501-0072.fits,Liu+2014,True,0.410,C,C,-295.799,-293.243,2.557,3.574,2,success,--,,,,,,1794.007,,True,success
9000000360,spec-1337-52767-0602.fits,Liu+2014,True,0.751,A,A,-535.230,-571.767,-36.537,8.169,1,success,--,,,,,,1615.523,feuv_fwhm,False,success
9000000360,spec-10731-58247-0662.fits,Liu+2014,False,0.751,C,C,642.307,583.109,-59.199,7.426,2,success,--,,,,,,1373.438,feuv_fwhm,False,success
9000000361,spec-2207-53558-0263.fits,Liu+2014,True,0.536,A,A,-579.186,-637.975,-58.789,2.409,1,success,--,,,,,,2453.734,"feuv_fwhm,feuv_shift",False,success
9000000362,spec-2207-53558-0439.fits,Liu+2014,True,0.438,A,A,446.146,473.795,27.649,11.067,1,success,--,,,,,,1504.114,,True,success
9000000363,spec-1173-52790-0273.fits,Liu+2014,True,0.395,B,B,995.824,995.546,-0.278,223.708,3,success,--,,,,,,1884.199,,True,success
9000000363,spec-10731-58247-0959.fits,Liu+2014,False,0.395,B,B,560.462,560.631,0.169,228.992,3,success,B,B,428.282,428.259,-0.022,621.826,1626.180,feop_norm,False,success
9000000364,spec-2204-53877-0223.fits,Liu+2014,True,0.336,F,F,-155.465,-160.856,-5.391,12.707,1,success,F,F,-119.398,-122.100,-2.702,5.769,1639.339,,True,success
9000000365,spec-2207-53558-0564.fits,Liu+2014,True,0.507,C,C,813.777,788.708,-25.069,1.695,2,success,--,,,,,,1489.785,feuv_fwhm,False,success
9000000366,spec-0627-52144-0596.fits,Liu+2014,True,0.236,B,B,550.949,550.944,-0.006,11.652,2,success,A,A,306.711,306.722,0.011,11.096,1243.997,feop_norm,False,success
9000000366,spec-8541-58257-0749.fits,Liu+2014,False,0.236,E,E,1581.218,1562.541,-18.677,14.885,1,success,A,A,1020.803,1023.123,2.320,12.192,1200.000,"feop_fwhm,feop_shift,feuv_shift",True,success
9000000367,spec-0817-52381-0031.fits,Liu+2014,True,0.539,A,A,769.366,746.805,-22.561,11.812,2,success,--,,,,,,3644.024,"feuv_fwhm,feuv_shift",False,success
9000000367,spec-8529-58013-0210.fits,Liu+2014,False,0.539,A,A,400.859,409.995,9.136,3.650,2,success,A,A,385.256,384.944,-0.312,9.455,9712.601,"feop_norm,feuv_fwhm,feuv_shift",False,success
9000000368,spec-1414-53135-0530.fits,Liu+2014,True,0.371,A,A,481.218,481.213,-0.004,1.203,2,success,A,A,480.916,480.915,-0.001,5.821,9893.385,"feop_norm,feuv_shift",True,success
9000000369,spec-1690-53475-0562.fits,Liu+2014,True,0.208,A,A,801.864,799.183,-2.681,7.402,1,success,A,A,464.351,465.146,0.795,6.332,4796.708,,False,success
9000000370,spec-1693-53446-0449.fits,Liu+2014,True,0.507,F,F,279.123,278.522,-0.601,14.222,2,success,--,,,,,,1200.000,"feop_fwhm,feuv_fwhm",False,success
9000000371,spec-0351-51695-0364.fits,Liu+2014,False,0.281,C,C,-347.859,-347.857,0.002,4.113,2,success,A,A,-301.654,-301.656,-0.002,29.862,1200.000,"feop_fwhm,feuv_shift",True,success
9000000371,spec-0351-51780-0363.fits,Liu+2014,True,0.281,F,C,-208.164,-329.348,-121.184,13.287,2,success,A,A,-444.604,-438.883,5.720,2.287,1328.650,feuv_shift,True,success
9000000372,spec-0972-52428-0563.fits,Liu+2014,False,0.539,C,C,-258.760,-245.075,13.685,12.522,2,success,--,,,,,,2341.103,"feuv_fwhm,feuv_shift",False,success
9000000372,spec-0972-52435-0562.fits,Liu+2014,True,0.539,F,F,-239.664,-253.931,-14.267,0.873,2,success,--,,,,,,2032.220,"feuv_fwhm,feuv_shift",False,success
9000000372,spec-10902-58396-0596.fits,Liu+2014,False,0.539,C,C,-136.170,-135.785,0.385,15.393,2,success,F,F,-194.621,-195.196,-0.575,9.918,2381.454,"feuv_fwhm,feuv_shift",False,success
9000000373,spec-2971-54590-0326.fits,Liu+2014,True,0.621,F,F,259.701,250.788,-8.914,13.230,3,success,--,,,,,,1200.000,"feop_fwhm,feuv_fwhm",False,success
9000000373,spec-10722-58281-0823.fits,Liu+2014,False,0.621,C,C,327.446,316.298,-11.149,9.241,2,success,--,,,,,,1200.000,"feop_fwhm,feuv_fwhm",False,success
9000000374,spec-0353-51703-0377.fits,Liu+2014,True,0.372,F,F,-102.980,-105.478,-2.498,18.381,3,success,B,B,-326.997,-325.159,1.839,5.792,3548.489,feuv_shift,True,success
9000000375,spec-0357-51813-0283.fits,Liu+2014,False,0.250,C,C,308.223,308.319,0.096,35.682,3,success,F,F,220.984,220.926,-0.058,20.401,1201.082,feuv_shift,True,success
9000000375,spec-0367-51997-0295.fits,Liu+2014,True,0.250,A,A,414.776,414.436,-0.339,10.539,2,success,C,C,264.015,264.042,0.027,26.242,1200.000,"feop_fwhm,feuv_shift",True,success
9000000376,spec-0981-52435-0575.fits,Liu+2014,True,0.317,F,F,178.168,178.169,0.001,13.264,2,success,C,C,149.434,149.439,0.005,13.694,7929.171,feop_norm,True,success
9000000377,spec-0983-52443-0431.fits,Liu+2014,True,0.535,A,A,816.733,788.714,-28.018,3.005,1,success,--,,,,,,1434.119,,False,success
9000000378,spec-0986-52443-0274.fits,Liu+2014,True,0.235,C,C,671.765,671.764,-0.001,4.626,2,success,C,C,514.513,514.516,0.003,20.672,8138.197,feop_norm,False,success
9000000378,spec-9139-58038-0319.fits,Liu+2014,False,0.235,C,C,484.399,484.286,-0.113,3.968,2,success,F,F,254.458,254.484,0.025,21.469,9956.000,"feop_norm,feuv_shift",True,success
9000000378,spec-9219-57923-0234.fits,Liu+2014,False,0.235,C,C,381.360,381.346,-0.014,5.561,2,success,F,F,253.322,253.313,-0.009,2.274,9956.000,"feop_norm,feuv_shift",True,success
9000000379,spec-0640-52178-0357.fits,Liu+2014,True,0.266,C,C,-240.504,-240.400,0.104,6.673,2,success,F,F,-5.895,-5.911,-0.016,0.176,2342.438,feuv_shift,True,success
9000000379,spec-0640-52200-0344.fits,Liu+2014,False,0.266,F,F,-166.337,-180.683,-14.346,9.177,1,success,F,F,-42.483,-59.427,-16.944,7.777,1897.416,feuv_shift,True,success
9000000380,spec-0640-52178-0074.fits,Liu+2014,True,0.432,C,C,994.071,993.137,-0.934,20.516,3,success,--,,,,,,1200.729,feuv_shift,True,success
9000000380,spec-0640-52200-0072.fits,Liu+2014,False,0.432,C,C,1044.795,1044.819,0.025,23.182,3,success,--,,,,,,8826.552,"feop_norm,feop_shift",True,success
9000000381,spec-0641-52176-0267.fits,Liu+2014,False,0.267,A,A,-529.712,-529.711,0.001,4.608,2,success,F,F,-200.717,-200.715,0.002,7.988,6510.239,feuv_shift,True,success
9000000381,spec-0641-52199-0264.fits,Liu+2014,True,0.267,A,A,-500.100,-502.057,-1.958,9.390,2,success,F,F,-267.766,-267.803,-0.038,8.787,7298.679,feuv_shift,True,success
9000000382,spec-0990-52465-0087.fits,Liu+2014,True,0.356,W,W,-238.756,-236.341,2.415,4.470,1,success,W,W,-292.679,-291.257,1.422,2.227,1207.153,,True,success
9000000382,spec-9143-57665-0390.fits,Liu+2014,False,0.356,W,W,-191.758,-197.545,-5.786,8.783,2,success,W,W,-123.020,-123.879,-0.859,53.134,1333.958,"feuv_fwhm,feuv_shift",False,success
9000000382,spec-9228-58014-0362.fits,Liu+2014,False,0.356,W,W,-200.261,-203.689,-3.428,5.373,1,success,W,W,-153.322,-153.910,-0.588,84.847,1200.000,feop_fwhm,True,success
9000000383,spec-0733-52207-0265.fits,Liu+2014,True,0.535,C,C,-379.785,-408.541,-28.755,11.077,2,success,--,,,,,,2769.360,"feuv_fwhm,feuv_shift",False,success
9000000384,spec-1105-52937-0256.fits,Liu+2014,True,0.695,A,A,623.098,622.535,-0.563,5.239,1,success,--,,,,,,9999.260,"feop_norm,feuv_fwhm,feuv_shift",False,success
9000000384,spec-9145-58041-0929.fits,Liu+2014,False,0.695,A,A,333.750,331.379,-2.371,14.376,2,success,--,,,,,,9993.413,"feop_norm,feuv_fwhm",False,success
9000000384,spec-9234-58037-0735.fits,Liu+2014,False,0.695,A,A,389.625,385.753,-3.871,14.382,2,success,--,,,,,,1252.543,"feop_norm,feuv_fwhm",False,success
9000000385,spec-0717-52468-0532.fits,Liu+2014,True,0.295,A,A,881.883,938.378,56.495,16.848,1,success,A,A,342.068,341.571,-0.497,4.678,2856.483,,True,success
9000000386,spec-0375-52140-0190.fits,Liu+2014,True,0.293,F,F,268.066,271.797,3.730,6.455,2,success,A,A,312.511,312.495,-0.016,21.652,9333.831,feop_norm,True,success
9000000386,spec-9147-58038-0993.fits,Liu+2014,False,0.293,F,F,54.519,55.386,0.867,5.367,2,success,F,F,225.996,225.997,0.001,11.033,2548.873,,True,success
9000000386,spec-9241-58014-0361.fits,Liu+2014,False,0.293,F,F,96.844,95.310,-1.534,12.569,2,success,F,F,212.693,212.890,0.197,33.049,1534.591,,True,success
9000000389,spec-0722-52206-0326.fits,Liu+2014,False,0.457,C,C,-246.246,-255.717,-9.471,19.354,3,success,--,,,,,,2010.864,,False,success
9000000389,spec-0722-52224-0332.fits,Liu+2014,True,0.457,F,F,-238.993,-261.866,-22.873,7.350,2,success,--,,,,,,1838.515,,False,success
9000000390,spec-0723-52201-0569.fits,Liu+2014,True,0.458,A,A,369.217,369.721,0.504,1.798,1,success,--,,,,,,10000.000,"feop_fwhm,feop_shift",False,success
9000000391,spec-2261-53612-0639.fits,Liu+2014,True,0.522,C,C,-233.441,-234.569,-1.128,7.444,2,success,--,,,,,,9956.000,"feop_norm,feuv_fwhm,feuv_shift",False,success
9000000391,spec-7657-57309-0164.fits,Liu+2014,False,0.522,C,F,-148.102,-188.072,-39.970,3.267,2,success,X,X,-454.608,-454.247,0.361,4.489,1200.852,"feuv_fwhm,feuv_shift",False,success
9000000392,spec-0724-52238-0370.fits,Liu+2014,False,0.409,A,A,658.731,626.957,-31.774,4.161,1,success,--,,,,,,2260.446,,True,success
9000000392,spec-0724-52254-0367.fits,Liu+2014,True,0.409,A,A,653.767,659.920,6.152,8.371,1,success,--,,,,,,3525.307,,True,success
9000000393,spec-0742-52263-0109.fits,Liu+2014,True,0.382,C,B,317.820,398.947,81.127,41.858,3,success,A,C,356.842,379.259,22.417,0.816,1243.779,feop_norm,True,success
9000000394,spec-0725-52258-0170.fits,Liu+2014,True,0.181,W,W,48.295,48.579,0.284,48.852,3,success,W,W,69.787,70.567,0.779,72.975,1533.835,,False,success
9000000395,spec-0725-52258-0632.fits,Liu+2014,True,0.193,A,A,643.793,643.796,0.002,1.976,2,success,C,C,798.102,798.100,-0.002,0.574,2543.535,,False,success
9000000396,spec-0745-52258-0212.fits,Liu+2014,True,0.563,B,B,-1729.593,-1744.398,-14.805,10.220,2,success,--,,,,,,8368.042,"feuv_fwhm,feuv_shift",False,success
9000000396,spec-6148-56209-0586.fits,Liu+2014,False,0.563,B,B,-1840.614,-1948.353,-107.739,6.061,2,success,B,B,1164.001,1159.859,-4.142,6.723,1846.495,"feop_shift,feuv_fwhm,feuv_shift",False,success
9000000397,spec-0648-52559-0609.fits,Liu+2014,True,0.462,A,A,498.279,476.025,-22.253,2.384,2,success,--,,,,,,1200.000,"feop_fwhm,feuv_fwhm",False,success
9000000397,spec-7166-56602-0526.fits,Liu+2014,False,0.462,A,A,643.296,616.209,-27.087,1.977,2,success,A,A,482.829,482.566,-0.263,2.335,10000.000,"feop_norm,feop_fwhm,feop_shift,feuv_fwhm",False,success
9000000398,spec-0684-52523-0592.fits,Liu+2014,True,0.579,C,C,296.930,301.468,4.539,13.837,2,success,--,,,,,,1632.055,,False,success
9000000398,spec-0685-52203-0370.fits,Liu+2014,False,0.579,A,C,318.838,295.188,-23.651,12.687,2,success,--,,,,,,1714.935,"feuv_fwhm,feuv_shift",False,success
9000000398,spec-4215-55471-0938.fits,Liu+2014,False,0.579,F,F,294.048,290.783,-3.265,3.190,1,success,--,,,,,,1739.298,,False,success
9000000398,spec-7848-56959-0280.fits,Liu+2014,False,0.579,C,C,389.549,388.180,-1.369,31.393,3,success,--,,,,,,2486.331,,False,success
9000000398,spec-9159-57666-0867.fits,Liu+2014,False,0.579,F,F,289.608,283.868,-5.740,2.218,2,success,--,,,,,,1656.320,,False,success
9000000398,spec-9179-57682-0242.fits,Liu+2014,False,0.579,A,A,344.068,320.535,-23.533,4.800,1,success,--,,,,,,1200.000,"feop_fwhm,feuv_fwhm,feuv_shift",False,success
9000000398,spec-9198-57713-0184.fits,Liu+2014,False,0.579,C,A,333.863,322.983,-10.880,1.923,2,success,--,,,,,,1449.683,feuv_fwhm,False,success
9000000399,spec-0651-52141-0072.fits,Eracleous+2012,False,0.229,C,C,-1243.452,-1243.409,0.043,17.212,3,success,C,C,-1060.863,-1060.924,-0.062,124.394,10000.000,"feop_norm,feop_fwhm,feop_shift",False,success
9000000399,spec-7169-56628-0344.fits,Eracleous+2012,False,0.229,C,C,-1693.410,-1646.500,46.910,184.452,3,success,C,C,-1882.297,-1882.988,-0.692,546.151,1200.000,feop_fwhm,True,success
9000000400,spec-0390-51816-0585.fits,Eracleous+2012,False,0.402,F,F,5.504,5.525,0.021,5.288,2,success,--,,,,,,1922.363,"feop_norm,feuv_shift",True,success
9000000400,spec-0390-51900-0587.fits,Eracleous+2012,False,0.402,F,F,-210.053,-209.911,0.142,43.411,3,success,--,,,,,,9956.000,"feop_norm,feuv_shift",True,success
9000000400,spec-7866-57002-0608.fits,Eracleous+2012,False,0.402,F,F,-259.912,-271.286,-11.374,0.178,2,success,A,A,-356.902,-356.132,0.770,86.223,9956.000,"feop_norm,feuv_fwhm,feuv_shift",False,success
9000000400,spec-9405-58048-0880.fits,Eracleous+2012,False,0.402,F,F,92.649,63.429,-29.220,86.608,3,success,F,F,-201.343,-202.258,-0.915,95.223,2193.486,"feop_shift,feuv_fwhm,feuv_shift",False,success
9000000401,spec-0665-52168-0597.fits,Eracleous+2012,False,0.165,B,B,676.603,676.971,0.369,51.508,3,success,C,C,530.083,531.032,0.948,82.189,3310.794,pl_alpha,False,success
9000000401,spec-7184-56629-0734.fits,Eracleous+2012,False,0.165,A,A,310.986,304.368,-6.618,7.497,2,success,A,C,358.754,372.068,13.315,64.285,2457.594,,False,success
9000000402,spec-0666-52149-0187.fits,Eracleous+2012,False,0.360,B,B,526.731,526.698,-0.032,49.573,3,success,C,C,190.391,190.390,-0.002,60.579,2163.801,feuv_shift,True,success
9000000402,spec-7184-56629-0074.fits,Eracleous+2012,False,0.360,C,F,165.422,150.093,-15.329,22.753,3,success,C,C,152.980,171.663,18.683,95.117,5035.874,"feuv_fwhm,feuv_shift",False,success
9000000403,spec-0405-51816-0189.fits,Eracleous+2012,False,0.394,B,B,-337.424,-337.427,-0.003,6.802,2,success,--,,,,,,1232.019,"feop_norm,feuv_shift",True,success
9000000403,spec-0702-52178-0075.fits,Eracleous+2012,False,0.394,B,B,86.607,86.586,-0.021,7.037,2,success,--,,,,,,1215.223,"feop_norm,feuv_shift",True,success
9000000403,spec-7834-56979-0188.fits,Eracleous+2012,False,0.394,B,B,2165.403,2105.638,-59.765,171.119,3,success,C,C,-512.358,-512.130,0.228,31.991,7226.161,"feuv_fwhm,feuv_shift",False,success
9000000403,spec-9383-58097-0291.fits,Eracleous+2012,False,0.394,B,B,2146.013,393.559,-1752.454,20.552,3,success,B,B,-332.407,-323.543,8.864,84.500,9857.266,"feop_norm,feuv_fwhm,feuv_shift",False,success
9000000404,spec-0668-52162-0540.fits,Eracleous+2012,False,0.214,B,B,762.865,762.875,0.010,12.376,3,success,C,C,-555.987,-555.967,0.020,51.083,2481.367,feop_norm,False,success
9000000405,spec-1665-52976-0377.fits,Eracleous+2012,False,0.236,B,B,413.500,425.718,12.218,11.200,3,success,C,C,437.094,436.225,-0.870,153.249,1589.407,,False,success
9000000406,spec-0432-51884-0324.fits,Eracleous+2012,False,0.235,C,C,631.095,631.095,-0.000,3.211,2,success,C,C,314.300,314.299,-0.001,73.944,9997.790,feop_norm,False,success
9000000406,spec-8290-57364-0409.fits,Eracleous+2012,False,0.235,A,A,643.740,610.661,-33.079,12.220,2,success,F,F,269.768,269.743,-0.025,75.119,1200.000,"feop_fwhm,feuv_shift",True,success
9000000407,spec-0888-52339-0639.fits,Eracleous+2012,False,0.325,C,C,480.753,480.530,-0.223,33.763,3,success,C,C,489.885,489.928,0.043,128.403,9995.527,feop_norm,True,success
9000000408,spec-1779-53089-0238.fits,Eracleous+2012,False,0.273,B,B,1938.969,1939.055,0.086,16.588,3,success,C,C,60.659,60.613,-0.045,59.566,9956.000,"feop_norm,feuv_shift",True,success
9000000408,spec-8303-57805-0778.fits,Eracleous+2012,False,0.273,B,B,2716.383,2184.829,-531.554,35.945,3,success,B,B,835.234,257.142,-578.093,59.088,1214.490,"feop_norm,feuv_shift",True,success
9000000409,spec-0545-52202-0238.fits,Eracleous+2012,False,0.464,A,A,-1696.397,-1743.118,-46.721,1.706,1,success,--,,,,,,1243.999,"feop_norm,feuv_fwhm,feuv_shift",False,success
9000000410,spec-0440-51885-0148.fits,Eracleous+2012,False,0.274,B,B,-486.528,-486.326,0.201,10.038,2,success,B,B,-384.650,-384.705,-0.055,33.082,9956.000,"feop_norm,feuv_shift",True,success
9000000410,spec-0440-51912-0148.fits,Eracleous+2012,False,0.274,B,B,465.952,465.933,-0.019,11.850,2,success,B,B,-407.711,-407.717,-0.006,14.204,1200.000,"feop_norm,feop_fwhm,feop_shift,feuv_shift",True,success
9000000410,spec-7378-56715-0689.fits,Eracleous+2012,False,0.274,B,B,312.663,312.475,-0.188,2.157,2,success,B,B,-115.507,-115.586,-0.079,126.665,2247.273,feop_norm,True,success
9000000411,spec-1757-53083-0565.fits,Eracleous+2012,False,0.381,A,A,1095.823,1096.371,0.548,11.540,1,success,A,A,660.886,660.811,-0.075,12.958,1427.226,feop_norm,True,success
9000000412,spec-1267-52932-0066.fits,Eracleous+2012,False,0.321,A,A,1332.860,1332.859,-0.001,3.960,2,success,C,C,941.526,941.526,-0.000,21.707,2292.796,feop_norm,True,success
9000000412,spec-9612-57801-0240.fits,Eracleous+2012,False,0.321,C,C,647.549,647.546,-0.003,5.488,2,success,C,C,479.208,479.212,0.004,66.880,2443.363,feop_norm,True,success
9000000412,spec-10658-58439-0416.fits,Eracleous+2012,False,0.321,A,A,893.068,893.270,0.202,2.283,1,success,A,A,407.088,407.089,0.001,7.980,1273.441,"feop_norm,feuv_shift",True,success
9000000412,spec-11124-58430-0828.fits,Eracleous+2012,False,0.321,A,A,643.470,643.230,-0.241,2.566,1,success,A,A,444.516,444.511,-0.005,6.516,2335.021,"feop_norm,feop_shift",True,success
9000000413,spec-1783-53386-0164.fits,Eracleous+2012,False,0.402,C,C,-426.772,-426.706,0.066,4.467,2,success,--,,,,,,9956.000,"feop_norm,feuv_shift",True,success
9000000413,spec-7374-56751-0620.fits,Eracleous+2012,False,0.402,C,C,220.620,220.429,-0.191,1.322,2,success,F,F,-29.219,-29.197,0.023,62.486,1200.436,"feop_norm,feuv_shift",False,success
9000000414,spec-0446-51899-0173.fits,Eracleous+2012,False,0.218,F,F,-66.087,-66.173,-0.086,3.199,2,success,F,F,38.416,38.414,-0.002,372.778,9999.969,feop_norm,False,success
9000000414,spec-7276-57061-0470.fits,Eracleous+2012,False,0.218,C,C,-337.739,-337.756,-0.017,35.009,3,success,C,C,-195.520,-195.516,0.004,183.606,9956.000,"feop_norm,feuv_shift",True,success
9000000415,spec-0468-51912-0082.fits,Eracleous+2012,False,0.237,B,B,-628.103,-627.133,0.970,7.443,2,success,A,A,-440.180,-440.222,-0.041,2.844,2135.440,,False,success
9000000416,spec-1592-52990-0139.fits,Eracleous+2012,False,0.452,B,B,2512.595,2492.373,-20.223,40.816,3,success,--,,,,,,3353.356,,False,success
9000000416,spec-10443-58155-0845.fits,Eracleous+2012,False,0.452,B,B,2095.341,1901.091,-194.249,14.961,3,success,A,A,1502.014,1500.386,-1.628,10.696,5592.783,feuv_fwhm,False,success
9000000416,spec-11375-58426-0902.fits,Eracleous+2012,False,0.452,B,B,2389.890,2271.729,-118.160,2.635,2,success,A,A,1066.933,1065.916,-1.017,11.248,2815.655,feuv_fwhm,False,success
9000000417,spec-2438-54056-0116.fits,Eracleous+2012,False,0.207,B,B,-777.121,-777.101,0.020,9.963,2,success,B,B,-523.828,-523.822,0.006,30.962,9999.997,"feop_norm,feop_fwhm",False,success
9000000417,spec-9547-57806-0016.fits,Eracleous+2012,False,0.207,B,B,-282.947,-221.775,61.172,1.613,2,success,B,B,-783.012,-784.445,-1.433,11.877,1200.000,"feop_fwhm,feuv_shift",True,success
9000000417,spec-9581-57783-0437.fits,Eracleous+2012,False,0.207,B,B,-831.717,-904.330,-72.613,11.048,2,success,B,B,-743.561,-742.376,1.185,5.099,10000.000,"feop_fwhm,feop_shift",True,success
9000000418,spec-1939-53389-0467.fits,Eracleous+2012,False,0.713,B,B,1269.540,1262.832,-6.708,173.708,3,success,--,,,,,,1244.551,"feop_norm,feuv_fwhm,feuv_shift",False,success
9000000418,spec-10440-58138-0190.fits,Eracleous+2012,False,0.713,B,B,1220.733,1170.960,-49.772,618.952,3,success,--,,,,,,1557.850,"feuv_fwhm,feuv_shift",False,success
9000000418,spec-11376-58430-0084.fits,Eracleous+2012,False,0.713,B,B,1260.374,1059.885,-200.489,587.295,3,success,--,,,,,,1200.007,"feuv_fwhm,feuv_shift",False,success
9000000419,spec-0475-51965-0590.fits,Eracleous+2012,False,0.460,B,B,-810.201,-846.058,-35.857,31.824,3,success,--,,,,,,2465.460,feuv_fwhm,False,success
9000000420,spec-0768-52281-0473.fits,Eracleous+2012,False,0.228,C,C,1873.416,1873.412,-0.004,5.202,2,success,C,C,1218.798,1218.801,0.003,241.365,2400.089,feop_norm,False,success
9000000420,spec-7286-57096-0113.fits,Eracleous+2012,False,0.228,B,B,624.995,625.013,0.017,3.292,2,success,B,B,563.330,563.336,0.006,164.287,9956.000,"feop_norm,feuv_shift",True,success
9000000421,spec-0476-52027-0562.fits,Eracleous+2012,False,0.171,B,B,386.232,452.847,66.615,10.221,2,success,C,C,-42.611,-44.070,-1.460,98.469,10000.000,"feop_fwhm,feop_shift",False,success
9000000421,spec-0476-52314-0570.fits,Eracleous+2012,False,0.171,B,B,585.280,714.087,128.807,9.266,2,success,C,C,19.609,17.841,-1.768,108.037,9999.972,,False,success
9000000422,spec-0480-51989-0480.fits,Eracleous+2012,False,0.220,W,W,1686.162,1686.158,-0.004,67.570,3,success,C,C,1407.370,1407.298,-0.071,191.705,9956.008,feop_norm,False,success
9000000423,spec-1276-53035-0156.fits,Eracleous+2012,False,0.451,C,C,-580.747,-564.810,15.937,11.552,2,success,--,,,,,,3430.460,,False,success
9000000423,spec-8833-57779-0085.fits,Eracleous+2012,False,0.451,C,C,-1736.418,-1724.795,11.623,13.636,2,success,C,C,-650.186,-645.475,4.712,6.650,1827.487,"feuv_fwhm,feuv_shift",False,success
9000000424,spec-0902-52409-0498.fits,Eracleous+2012,False,0.214,C,C,-1435.081,-1435.104,-0.023,9.399,2,success,C,C,-1211.372,-1211.400,-0.028,19.142,1377.772,feop_norm,False,success
9000000424,spec-7287-57042-0086.fits,Eracleous+2012,False,0.214,F,F,-75.771,-225.353,-149.583,3.865,2,success,F,F,-298.030,-274.632,23.398,10.648,2033.801,,True,success
9000000425,spec-0942-52703-0322.fits,Eracleous+2012,False,0.259,C,C,663.466,663.181,-0.285,15.121,3,success,A,A,317.996,317.996,-0.001,37.561,9997.187,feop_norm,True,success
9000000425,spec-7284-56683-0383.fits,Eracleous+2012,False,0.259,C,C,419.957,418.874,-1.083,25.271,3,success,F,F,251.118,251.010,-0.108,101.869,1483.188,,True,success
9000000426,spec-0574-52347-0201.fits,Eracleous+2012,False,0.499,A,A,630.098,617.715,-12.382,8.500,2,success,--,,,,,,9916.035,"feop_norm,feuv_fwhm",False,success
9000000426,spec-0574-52355-0212.fits,Eracleous+2012,False,0.499,A,A,910.706,899.789,-10.918,8.630,2,success,--,,,,,,9998.650,"feop_norm,feuv_fwhm,feuv_shift",False,success
9000000426,spec-0574-52356-0215.fits,Eracleous+2012,False,0.499,A,A,979.989,978.242,-1.747,8.969,2,success,--,,,,,,1362.506,,False,success
9000000426,spec-0574-52366-0215.fits,Eracleous+2012,False,0.499,A,A,918.323,904.323,-14.000,8.850,2,success,--,,,,,,1207.881,"feop_norm,feuv_fwhm,feuv_shift",False,success
9000000427,spec-0944-52614-0146.fits,Eracleous+2012,False,0.364,C,C,1125.759,1125.694,-0.065,5.530,2,success,C,C,698.287,698.301,0.014,71.165,9999.786,"feop_norm,feop_shift",True,success
9000000427,spec-7385-56710-0214.fits,Eracleous+2012,False,0.364,A,A,1200.764,1167.254,-33.510,10.154,2,success,A,A,1023.651,1020.579,-3.072,22.685,9999.780,"feop_norm,feuv_fwhm,feuv_shift",False,success
9000000428,spec-1429-52990-0401.fits,Eracleous+2012,False,0.584,C,C,-1002.610,-972.425,30.185,5.675,2,success,--,,,,,,1533.671,feuv_fwhm,False,success
9000000428,spec-7388-56783-0362.fits,Eracleous+2012,False,0.584,C,C,-1165.326,-1112.099,53.226,44.176,3,success,--,,,,,,2570.532,feuv_fwhm,False,success
9000000429,spec-0274-51913-0057.fits,Eracleous+2012,False,0.303,A,A,1805.903,1805.847,-0.056,0.789,1,success,A,A,916.342,916.324,-0.018,3.701,9999.728,"feop_norm,feop_shift",True,success
9000000430,spec-2025-53431-0603.fits,Eracleous+2012,False,0.272,C,C,-3603.332,-3603.325,0.007,6.734,2,success,C,C,-3399.384,-3399.379,0.005,5.945,6554.838,feuv_shift,True,success
9000000430,spec-10270-58488-0911.fits,Eracleous+2012,False,0.272,C,C,-3495.606,-3485.720,9.887,31.504,3,success,C,C,-2534.460,-2472.453,62.007,46.282,2392.250,feuv_shift,True,success
9000000431,spec-2481-54068-0514.fits,Eracleous+2012,False,0.400,A,A,699.151,881.965,182.814,0.655,1,success,--,,,,,,3489.682,,True,success
9000000431,spec-2481-54086-0448.fits,Eracleous+2012,False,0.400,C,C,233.056,261.811,28.754,16.528,2,success,--,,,,,,5366.601,,True,success
9000000431,spec-3251-54882-0615.fits,Eracleous+2012,False,0.400,C,C,274.068,270.353,-3.715,15.813,2,success,--,,,,,,3321.802,,True,success
9000000431,spec-10467-58138-0636.fits,Eracleous+2012,False,0.400,A,A,449.101,368.515,-80.586,0.866,1,success,C,C,293.142,292.371,-0.771,21.990,2757.793,feuv_fwhm,False,success
9000000432,spec-2485-54176-0188.fits,Eracleous+2012,False,0.347,A,A,1331.163,1331.161,-0.002,69.202,3,success,A,A,1296.067,1296.066,-0.001,8.684,1204.661,"feop_norm,feuv_shift",True,success
9000000433,spec-0509-52374-0323.fits,Eracleous+2012,False,0.355,B,B,-587.056,-586.045,1.011,9.644,2,success,A,A,-911.124,-911.341,-0.217,12.236,4136.085,feuv_shift,True,success
9000000434,spec-0581-52353-0165.fits,Eracleous+2012,False,0.327,A,A,-1976.781,-1969.519,7.262,0.609,1,success,A,A,-1746.353,-1745.306,1.047,3.196,1598.320,,True,success
9000000434,spec-0581-52356-0167.fits,Eracleous+2012,False,0.327,F,F,243.329,247.331,4.002,7.382,1,success,B,B,-1056.875,-1056.707,0.168,13.359,8374.533,,True,success
9000000435,spec-1012-52649-0216.fits,Eracleous+2012,False,0.239,A,A,1302.713,1302.123,-0.590,7.786,1,success,C,C,782.606,782.538,-0.068,13.268,2316.395,feop_shift,False,success
9000000435,spec-8165-57374-0942.fits,Eracleous+2012,False,0.239,E,E,-47.723,-53.647,-5.923,6.208,1,success,B,B,-481.015,-479.636,1.379,0.311,9846.782,feop_norm,True,success
9000000436,spec-1012-52649-0503.fits,Eracleous+2012,False,0.419,B,B,-349.281,-311.047,38.234,11.752,2,success,--,,,,,,1354.869,,True,success
9000000436,spec-8171-57135-0156.fits,Eracleous+2012,False,0.419,B,B,-455.165,-468.333,-13.168,47.351,3,success,B,B,-185.942,-187.740,-1.798,131.425,1744.866,feuv_fwhm,False,success
9000000437,spec-1605-53062-0125.fits,Eracleous+2012,False,0.394,C,C,47.980,47.778,-0.202,151.736,3,success,--,,,,,,2796.298,,True,success
9000000438,spec-0491-51942-0561.fits,Eracleous+2012,False,0.194,A,A,494.837,485.532,-9.305,19.793,3,success,A,A,360.901,360.183,-0.718,57.939,1876.552,,False,success
9000000439,spec-1224-52765-0334.fits,Eracleous+2012,False,0.511,B,B,1355.405,1267.885,-87.519,2.834,2,success,--,,,,,,1836.159,"feop_shift,feuv_fwhm,feuv_shift",False,success
9000000440,spec-1367-53083-0379.fits,Eracleous+2012,False,0.116,A,A,877.325,813.363,-63.962,10.945,1,success,A,A,556.342,554.261,-2.080,5.187,4841.894,,False,success
9000000440,spec-8362-57732-0918.fits,Eracleous+2012,False,0.116,C,C,664.864,658.701,-6.163,6.061,2,success,C,C,402.291,401.779,-0.513,38.295,1200.000,feop_fwhm,False,success
9000000441,spec-1444-53054-0321.fits,Eracleous+2012,False,0.220,C,C,-1299.629,-1299.642,-0.013,0.695,2,success,C,C,-781.883,-781.883,0.000,27.981,9956.000,feop_norm,False,success
9000000441,spec-6685-56412-0003.fits,Eracleous+2012,False,0.220,B,B,709.775,688.944,-20.832,6.195,2,success,B,B,-399.939,-399.536,0.403,15.525,1200.000,"feop_fwhm,feuv_shift",True,success
9000000441,spec-7399-57162-0932.fits,Eracleous+2012,False,0.220,E,E,2299.104,2303.229,4.125,1.095,1,success,C,C,-945.725,-946.019,-0.294,6.147,9956.000,"feop_norm,feuv_shift",True,success
9000000442,spec-1442-53050-0037.fits,Eracleous+2012,False,0.525,A,A,1499.273,1618.073,118.800,0.691,1,success,--,,,,,,1200.025,,False,success
9000000443,spec-1609-53142-0517.fits,Eracleous+2012,False,0.170,C,C,141.813,173.285,31.472,16.401,2,success,C,C,176.497,169.790,-6.707,33.359,1898.371,,False,success
9000000444,spec-0515-52051-0099.fits,Eracleous+2012,False,0.469,C,C,-3004.220,-3014.978,-10.758,65.174,3,success,--,,,,,,1685.179,"feop_shift,feuv_fwhm,feuv_shift",False,success
9000000445,spec-0777-52320-0116.fits,Eracleous+2012,False,0.226,A,A,700.087,700.046,-0.042,12.044,3,success,A,A,410.600,410.571,-0.029,52.803,4377.070,feop_norm,False,success
9000000445,spec-7106-56663-0219.fits,Eracleous+2012,False,0.226,C,C,364.949,364.875,-0.074,13.059,3,success,C,C,132.582,132.602,0.020,32.049,9956.000,"feop_norm,feuv_shift",True,success
9000000446,spec-1229-52723-0489.fits,Eracleous+2012,False,0.395,B,B,-63.746,-63.889,-0.143,35.618,3,success,--,,,,,,1200.000,"feop_fwhm,feop_shift",True,success
9000000447,spec-1449-53116-0001.fits,Eracleous+2012,False,0.295,B,B,-1556.459,-1556.446,0.013,15.083,3,success,C,C,-1753.337,-1753.314,0.022,62.516,9999.866,"feop_norm,feuv_shift",True,success
9000000447,spec-7426-56771-0055.fits,Eracleous+2012,False,0.295,C,C,-1047.486,-1047.468,0.018,0.154,2,success,C,C,-1141.030,-1141.045,-0.015,48.167,9956.000,"feop_norm,feuv_shift",True,success
9000000448,spec-0884-52374-0133.fits,Eracleous+2012,False,0.321,A,A,1154.364,1152.844,-1.520,5.598,1,success,A,A,985.380,985.293,-0.087,3.174,3058.561,,True,success
9000000448,spec-8220-57432-0180.fits,Eracleous+2012,False,0.321,A,A,1087.896,1041.469,-46.427,3.110,1,success,A,A,738.522,736.028,-2.495,7.815,2834.343,,True,success
9000000449,spec-2015-53819-0143.fits,Eracleous+2012,False,0.448,B,B,897.481,805.403,-92.078,26.669,3,success,--,,,,,,2375.643,feop_shift,False,success
9000000449,spec-10247-58162-0218.fits,Eracleous+2012,False,0.448,B,B,1025.608,1024.761,-0.847,8.863,2,success,B,B,464.716,457.212,-7.504,34.120,9956.000,"feop_norm,feuv_fwhm",False,success
9000000450,spec-0522-52024-0408.fits,Eracleous+2012,False,0.227,C,C,-213.708,-213.701,0.006,4.161,2,success,F,F,-277.866,-277.865,0.001,54.715,2380.774,feop_norm,False,success
9000000451,spec-2661-54505-0197.fits,Eracleous+2012,False,0.189,C,C,-631.028,-632.750,-1.722,43.902,3,success,C,C,-522.579,-517.910,4.670,146.586,1243.769,"feop_norm,feop_shift",False,success
9000000452,spec-2031-53848-0060.fits,Eracleous+2012,False,0.310,B,B,-4097.537,-4097.170,0.367,2.880,2,success,B,B,-4074.438,-4074.215,0.223,8.921,9956.000,"feop_norm,feuv_shift",True,success
9000000452,spec-8869-57481-0046.fits,Eracleous+2012,False,0.310,C,C,-1165.155,-1164.420,0.736,12.370,2,success,X,X,804.455,803.987,-0.467,34.912,9956.000,"feop_norm,feuv_shift",True,success
9000000453,spec-2603-54479-0443.fits,Eracleous+2012,False,0.118,C,C,843.769,844.617,0.848,7.472,2,success,C,C,546.254,546.300,0.047,131.354,2186.934,,False,success
9000000454,spec-0851-52376-0443.fits,Eracleous+2012,False,0.398,C,C,-729.834,-729.038,0.796,5.114,2,success,--,,,,,,1200.000,feop_fwhm,True,success
9000000455,spec-1376-53089-0613.fits,Eracleous+2012,False,0.330,A,A,945.623,945.339,-0.284,20.847,3,success,A,A,857.591,857.577,-0.014,17.375,9929.513,feop_norm,True,success
9000000455,spec-6627-56369-0480.fits,Eracleous+2012,False,0.330,A,A,944.585,947.211,2.625,14.788,3,success,A,A,792.809,792.092,-0.718,49.912,5131.685,"feop_norm,feop_shift",True,success
9000000455,spec-8378-57785-0916.fits,Eracleous+2012,False,0.330,C,A,1041.623,1007.647,-33.976,73.863,3,success,C,C,887.925,885.290,-2.635,110.398,5312.288,"feop_norm,feop_shift",True,success
9000000456,spec-2606-54154-0581.fits,Eracleous+2012,False,0.265,B,B,482.913,483.686,0.773,3.498,2,success,B,B,63.844,64.003,0.160,78.823,7160.910,"feop_norm,feop_shift",True,success
9000000457,spec-0604-52079-0090.fits,Eracleous+2012,False,0.116,B,B,119.313,119.234,-0.079,3.739,2,success,C,C,-292.442,-292.452,-0.011,20.943,6331.145,feop_norm,False,success
9000000458,spec-1378-53061-0574.fits,Eracleous+2012,False,0.168,C,C,-396.150,-385.483,10.667,10.715,2,success,C,F,-45.334,-77.720,-32.386,5.922,2138.864,,False,success
9000000458,spec-8505-57834-0520.fits,Eracleous+2012,False,0.168,C,C,1001.898,1001.693,-0.205,12.500,2,success,C,C,707.011,706.041,-0.970,6.807,1888.445,,False,success
9000000459,spec-2120-53852-0059.fits,Eracleous+2012,False,0.188,A,A,1113.352,1026.871,-86.481,9.812,2,success,A,A,401.354,400.693,-0.661,12.502,1200.000,feop_fwhm,False,success
9000000460,spec-2123-53793-0443.fits,Eracleous+2012,False,0.077,A,C,1614.834,1670.340,55.506,10.055,3,success,C,C,305.213,328.345,23.131,25.026,9955.874,,False,success
9000000461,spec-0532-51993-0635.fits,Eracleous+2012,False,0.295,B,B,2272.691,2269.428,-3.263,77.509,3,success,B,B,-1405.860,-1405.771,0.089,3.212,2008.866,"feop_shift,feuv_shift",True,success
9000000462,spec-1347-52823-0086.fits,Eracleous+2012,False,0.363,A,A,968.716,966.335,-2.381,2.502,2,success,A,A,543.254,543.207,-0.047,7.491,1200.000,feop_fwhm,True,success
9000000462,spec-8504-57518-0442.fits,Eracleous+2012,False,0.363,A,A,715.215,700.385,-14.830,3.234,2,success,A,A,352.254,352.917,0.663,35.505,9956.000,"feop_norm,feuv_fwhm,feuv_shift",False,success
9000000463,spec-1349-52797-0185.fits,Eracleous+2012,False,0.161,A,A,881.697,882.005,0.308,0.510,1,success,A,A,916.227,916.326,0.098,3.770,8055.908,"feop_norm,feop_shift",False,success
9000000464,spec-0790-52346-0155.fits,Eracleous+2012,False,0.176,B,B,-1199.677,-1199.773,-0.096,4.524,2,success,C,C,-1525.613,-1525.709,-0.096,126.675,2378.375,"feop_norm,feop_shift",False,success
9000000464,spec-0790-52433-0141.fits,Eracleous+2012,False,0.176,A,A,-1075.278,-1075.280,-0.003,1.369,1,success,B,B,-1233.077,-1233.126,-0.049,47.275,9955.644,feop_norm,False,success
9000000464,spec-0790-52441-0145.fits,Eracleous+2012,False,0.176,C,C,-738.785,-738.811,-0.026,5.827,2,success,C,C,-1103.438,-1103.479,-0.041,76.990,10000.000,"feop_norm,feop_fwhm",False,success
9000000464,spec-8398-57870-0908.fits,Eracleous+2012,False,0.176,E,E,757.343,617.880,-139.463,0.695,1,success,W,W,644.514,645.987,1.474,1.628,1200.000,feop_fwhm,False,success
9000000465,spec-1718-53850-0079.fits,Eracleous+2012,False,0.281,C,C,667.099,666.027,-1.071,83.495,3,success,B,B,617.088,616.477,-0.611,258.569,1237.128,,True,success
9000000466,spec-1353-53083-0580.fits,Eracleous+2012,False,0.371,B,B,-327.910,-328.189,-0.279,4.550,2,success,A,A,-779.018,-779.004,0.014,51.214,9956.000,"feop_norm,feuv_shift",True,success
9000000466,spec-10743-58222-0410.fits,Eracleous+2012,False,0.371,A,A,-772.780,-848.444,-75.664,88.669,3,success,C,C,-630.919,-631.273,-0.354,99.181,9517.821,"feop_shift,feuv_shift",False,success
9000000467,spec-0313-51673-0204.fits,Eracleous+2012,False,0.445,B,B,507.787,581.224,73.437,2.190,2,success,--,,,,,,1200.004,"feuv_fwhm,feuv_shift",False,success
9000000468,spec-2162-54207-0210.fits,Eracleous+2012,False,0.150,A,A,359.255,387.041,27.786,3.814,1,success,C,C,371.297,366.376,-4.922,77.084,1660.806,,False,success
9000000469,spec-1354-52814-0638.fits,Eracleous+2012,False,0.288,B,B,824.622,754.994,-69.628,15.284,3,success,B,B,339.001,339.796,0.795,81.069,1200.000,"feop_fwhm,feuv_shift",True,success
9000000469,spec-10742-58198-0490.fits,Eracleous+2012,False,0.288,B,B,1213.100,1213.156,0.055,7.167,2,success,B,B,731.919,731.899,-0.020,150.123,5744.071,"feop_norm,feop_shift",True,success
9000000470,spec-0795-52378-0128.fits,Eracleous+2012,False,0.357,C,C,515.408,504.635,-10.773,44.297,3,success,F,F,261.246,260.465,-0.781,8.882,1200.034,,True,success
9000000470,spec-8420-58197-0169.fits,Eracleous+2012,False,0.357,F,F,168.431,157.878,-10.553,7.033,2,success,F,F,61.060,60.425,-0.634,0.518,1682.023,,True,success
9000000472,spec-2768-54265-0542.fits,Eracleous+2012,False,0.397,C,A,908.528,800.563,-107.965,26.332,3,success,--,,,,,,1202.363,,True,success
9000000472,spec-4890-55741-0522.fits,Eracleous+2012,False,0.397,C,C,999.558,944.792,-54.766,4.398,2,success,C,C,635.900,633.638,-2.262,37.648,1581.131,,False,success
9000000473,spec-2516-54241-0157.fits,Eracleous+2012,False,0.421,A,A,632.525,645.912,13.387,6.140,1,success,--,,,,,,1958.040,,True,success
9000000474,spec-2519-54570-0300.fits,Eracleous+2012,False,0.400,B,B,-403.724,-404.459,-0.735,3.598,2,success,--,,,,,,1200.003,feuv_shift,True,success
9000000475,spec-1655-53523-0204.fits,Eracleous+2012,False,0.164,A,A,-3368.700,-3363.162,5.539,2.015,1,success,B,B,-798.401,-798.983,-0.582,12.582,1694.991,,False,success
9000000476,spec-2199-53556-0193.fits,Eracleous+2012,False,0.356,C,C,-582.488,-578.199,4.289,12.247,3,success,C,C,-439.044,-438.571,0.473,338.760,1200.000,feop_fwhm,True,success
9000000477,spec-2524-54568-0105.fits,Eracleous+2012,False,0.441,B,B,1092.167,1092.193,0.026,18.766,3,success,--,,,,,,5112.870,,True,success
9000000478,spec-2884-54526-0177.fits,Eracleous+2012,False,0.235,C,C,-394.663,-394.643,0.020,11.162,2,success,C,C,-493.539,-493.539,0.000,122.588,2480.275,feop_norm,False,success
9000000478,spec-8059-57895-0694.fits,Eracleous+2012,False,0.235,C,C,-152.437,-152.373,0.064,3.940,2,success,C,C,-263.659,-263.662,-0.004,106.362,9956.000,"feop_norm,feuv_shift",True,success
9000000479,spec-2208-53880-0105.fits,Eracleous+2012,False,0.312,A,A,784.123,787.999,3.875,3.333,2,success,A,A,514.723,513.782,-0.941,10.095,3310.485,,True,success
9000000481,spec-0630-52050-0513.fits,Eracleous+2012,False,0.357,B,B,1794.545,1794.542,-0.003,12.149,3,success,B,B,-697.590,-697.591,-0.001,2.862,2960.271,"feop_norm,feuv_shift",True,success
9000000481,spec-8530-58016-0316.fits,Eracleous+2012,False,0.357,B,B,394.653,394.717,0.063,0.664,2,success,C,C,-652.758,-652.758,-0.000,45.666,9956.000,"feop_norm,feuv_shift",True,success
9000000482,spec-1343-52790-0593.fits,Eracleous+2012,False,0.593,B,F,-24.263,-282.803,-258.540,0.365,2,success,--,,,,,,1319.863,feuv_fwhm,False,success
9000000483,spec-0632-52071-0632.fits,Eracleous+2012,False,0.554,C,C,-2389.369,-2386.124,3.246,7.617,2,success,--,,,,,,7531.800,"feop_shift,feuv_shift,gal0",False,success
9000000483,spec-2192-54232-0058.fits,Eracleous+2012,False,0.554,B,B,-2383.985,-2365.022,18.962,48.117,3,success,--,,,,,,7395.875,"feop_shift,feuv_fwhm,feuv_shift,gal0",False,success
9000000484,spec-2973-54591-0190.fits,Eracleous+2012,False,0.180,A,A,1588.086,1588.113,0.027,32.364,3,success,A,A,1681.248,1681.338,0.090,33.852,9955.678,feop_norm,False,success
9000000486,spec-2184-53534-0203.fits,Eracleous+2012,False,0.386,A,A,588.181,589.086,0.905,22.488,3,success,--,,,,,,4194.087,,True,success
